Timestamp,Requestor,Role,Component Accessed,Request type,Violation type,Alarm
2016-08-10 6:15,User B,Business user,Table 2,Select,No authorization,FALSE
2016-08-10 6:29,User B,Business user,Table 2,Select,No authorization,FALSE
2016-08-10 6:43,User B,Business user,Table 2,Select,No authorization,FALSE
2016-08-10 6:58,User C,Administrator,Element 1,Select,No authorization,FALSE
2016-08-10 7:12,User A,Analyst,Element 2,Select,No authorization,TRUE
2016-08-10 7:27,User A,Analyst,Element 2,Select,No authorization,TRUE
2016-08-10 7:41,User A,Analyst,Element 2,Select,No authorization,TRUE
2016-08-10 7:55,User A,Analyst,Element 3,Append,No authorization,TRUE
2016-08-10 8:10,User A,Analyst,Element 1,Select,No authorization,FALSE
2016-08-10 8:24,User B,Business user,Table 2,Select,No authorization,FALSE
2016-08-10 8:39,User B,Business user,Table 2,Select,No authorization,FALSE
2016-08-10 8:53,User B,Business user,Table 2,Select,No authorization,FALSE
2016-08-10 9:07,User C,Administrator,Element 1,Select,No authorization,FALSE
2016-08-10 9:22,User C,Administrator,Element 1,Select,No authorization,FALSE
2016-08-10 9:36,User A,Analyst,Table 1,Select,No authorization,FALSE
2016-08-10 9:51,User A,Analyst,Table 1,Select,No authorization,FALSE
2016-08-10 10:05,User C,Administrator,Element 1,Select,No authorization,FALSE
2016-08-10 10:19,User C,Administrator,Element 1,Select,No authorization,FALSE
2016-08-10 10:34,User A,Analyst,Table 1,Select,No authorization,FALSE
2016-08-10 10:48,User A,Analyst,Table 1,Select,No authorization,FALSE
2016-08-10 11:03,User C,Administrator,Element 2,Select,No authorization,FALSE
2016-08-10 11:17,User C,Administrator,Element 2,Select,No authorization,FALSE
2016-08-10 11:03,User A,Analyst,Table 1,Append,No authorization,FALSE
2016-08-10 11:17,User A,Analyst,Table 1,Select,No authorization,FALSE
2016-08-10 11:31,User B,Business user,Table 2,Select,No authorization,FALSE
2016-08-10 11:46,User B,Business user,Element 1,Select,No authorization,TRUE
2016-08-10 12:00,User B,Business user,Table 2,Select,No authorization,FALSE
2016-08-10 12:15,User B,Business user,Element 1,Select,No authorization,TRUE
2016-08-10 12:29,User A,Analyst,Table 1,Select,No authorization,FALSE
2016-08-10 12:43,User A,Analyst,Table 1,Select,No authorization,FALSE
2016-08-10 12:58,User A,Analyst,Table 1,Select,No authorization,FALSE
2016-08-10 13:12,User A,Analyst,Table 1,Append,No authorization,FALSE
2016-08-10 13:27,User A,Analyst,Table 1,Select,No authorization,FALSE
2016-08-10 13:41,User A,Analyst,Table 1,Select,No authorization,FALSE
2016-08-10 13:55,User A,Analyst,Table 1,Select,No authorization,FALSE
2016-08-10 14:10,User A,Analyst,Table 1,Append,No authorization,FALSE
2016-08-10 14:24,User A,Analyst,Table 1,Select,No authorization,FALSE
2016-08-10 14:39,User B,Business user,Table 2,Select,No authorization,FALSE
2016-08-10 14:53,User B,Business user,Element 1,Select,No authorization,TRUE
2016-08-10 15:07,User B,Business user,Table 2,Select,No authorization,FALSE
2016-08-10 15:22,User B,Business user,Element 1,Select,No authorization,TRUE
2016-08-10 15:36,User A,Analyst,Table 1,Select,No authorization,FALSE
2016-08-10 15:51,User A,Analyst,Table 1,Select,No authorization,FALSE
2016-08-10 16:05,User A,Analyst,Table 1,Select,No authorization,FALSE
2016-08-10 16:19,User A,Analyst,Table 1,Append,No authorization,FALSE
2016-08-10 16:34,User A,Analyst,Table 1,Select,No authorization,FALSE
2016-08-10 16:48,User A,Analyst,Table 1,Select,No authorization,FALSE
2016-08-10 17:03,User A,Analyst,Table 1,Select,No authorization,FALSE
2016-08-10 17:17,User A,Analyst,Table 1,Append,No authorization,FALSE
2016-08-10 17:31,User A,Analyst,Table 1,Select,No authorization,FALSE
2016-08-10 17:46,User B,Business user,Table 2,Select,No authorization,FALSE
2016-08-10 18:00,User B,Business user,Table 2,Select,No authorization,FALSE
2016-08-10 18:15,User B,Business user,Table 2,Select,No authorization,FALSE
2016-08-10 18:29,User B,Business user,Element 1,Select,No authorization,TRUE
2016-08-10 18:43,User A,Analyst,Table 1,Select,No authorization,FALSE
2016-08-10 18:58,User A,Analyst,Table 1,Select,No authorization,FALSE
2016-08-10 19:12,User A,Analyst,Table 1,Select,No authorization,FALSE
2016-08-10 19:27,User A,Analyst,Table 1,Append,No authorization,FALSE
2016-08-10 19:41,User A,Analyst,Table 1,Select,No authorization,FALSE
2016-08-10 19:55,User A,Analyst,Table 1,Select,No authorization,FALSE
2016-08-10 20:10,User A,Analyst,Table 1,Select,No authorization,FALSE
2016-08-10 20:24,User A,Analyst,Table 1,Append,No authorization,FALSE
2016-08-10 20:39,User A,Analyst,Table 1,Select,No authorization,FALSE
2016-08-10 20:53,User B,Business user,Table 2,Select,No authorization,FALSE
2016-08-10 21:07,User B,Business user,Table 2,Select,No authorization,FALSE
2016-08-10 21:22,User B,Business user,Table 2,Select,No authorization,FALSE
2016-08-10 21:36,User C,Administrator,Element 1,Select,No authorization,FALSE
2016-08-10 21:51,User A,Analyst,Table 1,Select,No authorization,FALSE
2016-08-10 22:05,User A,Analyst,Table 1,Select,No authorization,FALSE
2016-08-10 22:19,User A,Analyst,Table 1,Select,No authorization,FALSE
2016-08-10 22:34,User A,Analyst,Table 1,Append,No authorization,FALSE
2016-08-10 22:48,User A,Analyst,Table 1,Select,No authorization,FALSE
2016-08-10 23:03,User A,Analyst,Table 1,Select,No authorization,FALSE
2016-08-10 23:17,User A,Analyst,Table 1,Select,No authorization,FALSE
2016-08-10 23:31,User A,Analyst,Table 1,Append,No authorization,FALSE
2016-08-10 23:46,User A,Analyst,Table 1,Select,No authorization,FALSE
2016-08-11 0:00,User B,Business user,Table 2,Select,No authorization,FALSE
2016-08-11 0:15,User B,Business user,Table 2,Select,No authorization,FALSE
2016-08-11 0:29,User B,Business user,Table 2,Select,No authorization,FALSE
2016-08-11 0:43,User C,Administrator,Element 1,Select,No authorization,FALSE
2016-08-11 0:58,User A,Analyst,Table 1,Select,No authorization,FALSE
2016-08-11 1:12,User A,Analyst,Table 1,Select,No authorization,FALSE
2016-08-11 1:27,User A,Analyst,Table 1,Select,No authorization,FALSE
2016-08-11 1:41,User A,Analyst,Table 1,Append,No authorization,FALSE
2016-08-11 1:55,User A,Analyst,Table 1,Select,No authorization,FALSE
2016-08-11 2:10,User A,Analyst,Table 1,Select,No authorization,FALSE
2016-08-11 2:24,User A,Analyst,Table 1,Select,No authorization,FALSE
2016-08-11 2:39,User A,Analyst,Table 1,Append,No authorization,FALSE
2016-08-11 2:53,User A,Analyst,Table 1,Select,No authorization,FALSE
2016-08-11 3:07,User B,Business user,Table 2,Select,No authorization,FALSE
2016-08-11 3:22,User B,Business user,Table 2,Select,No authorization,FALSE
2016-08-11 3:36,User B,Business user,Table 2,Select,No authorization,FALSE
2016-08-11 3:51,User B,Business user,Element 1,Select,No authorization,TRUE
2016-08-11 4:05,User A,Analyst,Table 1,Select,No authorization,FALSE
2016-08-11 4:19,User A,Analyst,Table 1,Select,No authorization,FALSE
2016-08-11 4:34,User A,Analyst,Table 1,Select,No authorization,FALSE
2016-08-11 4:48,User A,Analyst,Table 1,Append,No authorization,FALSE
2016-08-11 5:03,User A,Analyst,Table 1,Select,No authorization,FALSE
2016-08-11 5:17,User A,Analyst,Table 1,Select,No authorization,FALSE
2016-08-11 5:31,User A,Analyst,Table 1,Select,No authorization,FALSE
2016-08-11 5:46,User A,Analyst,Table 1,Append,No authorization,FALSE
2016-08-11 6:00,User A,Analyst,Table 1,Select,No authorization,FALSE
2016-08-11 6:15,User B,Business user,Table 1,Select,No authorization,TRUE
2016-08-11 6:29,User B,Business user,Table 2,Select,No authorization,FALSE
2016-08-11 6:43,User B,Business user,Table 2,Select,No authorization,FALSE
2016-08-11 6:58,User C,Administrator,Element 1,Select,No authorization,FALSE
2016-08-11 7:12,User C,Administrator,Element 1,Select,No authorization,FALSE
2016-08-11 7:27,User C,Administrator,Element 1,Select,No authorization,FALSE
2016-08-11 7:41,User A,Analyst,Table 1,Select,No authorization,FALSE
2016-08-11 7:55,User A,Analyst,Table 1,Select,No authorization,FALSE
2016-08-11 8:10,User B,Business user,Table 2,Select,No authorization,FALSE
2016-08-11 8:24,User B,Business user,Table 2,Select,No authorization,FALSE
2016-08-11 8:39,User C,Administrator,Element 1,Select,No authorization,FALSE
2016-08-11 8:53,User C,Administrator,Element 1,Select,No authorization,FALSE
2016-08-11 9:07,User C,Administrator,Element 3,Select,No authorization,FALSE
2016-08-11 9:22,User A,Analyst,Table 1,Select,No authorization,FALSE
2016-08-11 9:36,User A,Analyst,Table 1,Select,No authorization,FALSE
2016-08-11 9:51,User B,Business user,Table 1,Select,No authorization,TRUE
2016-08-11 10:05,User B,Business user,Table 1,Select,No authorization,TRUE
2016-08-11 10:19,User B,Business user,Table 1,Select,No authorization,TRUE
2016-08-11 10:34,User B,Business user,Table 2,Select,No authorization,FALSE
2016-08-11 10:48,User B,Business user,Table 2,Select,No authorization,FALSE
2016-08-11 11:03,User C,Administrator,Element 1,Select,No authorization,FALSE
2016-08-11 11:17,User A,Analyst,Element 2,Select,No authorization,TRUE
2016-08-11 11:31,User A,Analyst,Element 2,Select,No authorization,TRUE
2016-08-11 11:46,User A,Analyst,Element 2,Select,No authorization,TRUE
2016-08-11 12:00,User A,Analyst,Element 3,Append,No authorization,TRUE
2016-08-11 12:15,User A,Analyst,Element 1,Select,No authorization,FALSE
2016-08-11 12:29,User B,Business user,Table 2,Select,No authorization,FALSE
2016-08-11 12:43,User B,Business user,Table 2,Select,No authorization,FALSE
2016-08-11 12:58,User B,Business user,Table 2,Select,No authorization,FALSE
2016-08-11 13:12,User C,Administrator,Element 1,Select,No authorization,FALSE
2016-08-11 13:27,User C,Administrator,Element 1,Select,No authorization,FALSE
2016-08-11 13:41,User A,Analyst,Table 1,Select,No authorization,FALSE
2016-08-11 13:55,User A,Analyst,Table 1,Select,No authorization,FALSE
2016-08-11 14:10,User C,Administrator,Element 1,Select,No authorization,FALSE
2016-08-11 14:24,User C,Administrator,Element 1,Select,No authorization,FALSE
2016-08-11 14:39,User A,Analyst,Table 1,Select,No authorization,FALSE
2016-08-11 14:53,User A,Analyst,Table 1,Select,No authorization,FALSE
2016-08-11 15:07,User C,Administrator,Element 2,Select,No authorization,FALSE
2016-08-11 15:22,User C,Administrator,Element 2,Select,No authorization,FALSE
2016-08-11 15:07,User A,Analyst,Table 1,Append,No authorization,FALSE
2016-08-11 15:22,User A,Analyst,Table 1,Select,No authorization,FALSE
2016-08-11 15:36,User B,Business user,Table 2,Select,No authorization,FALSE
2016-08-11 15:51,User B,Business user,Element 1,Select,No authorization,TRUE
2016-08-11 16:05,User B,Business user,Table 2,Select,No authorization,FALSE
2016-08-11 16:19,User B,Business user,Element 1,Select,No authorization,TRUE
2016-08-11 16:34,User A,Analyst,Table 1,Select,No authorization,FALSE
2016-08-11 16:48,User A,Analyst,Table 1,Select,No authorization,FALSE
2016-08-11 17:03,User A,Analyst,Table 1,Select,No authorization,FALSE
2016-08-11 17:17,User A,Analyst,Table 1,Append,No authorization,FALSE
2016-08-11 17:31,User A,Analyst,Table 1,Select,No authorization,FALSE
2016-08-11 17:46,User A,Analyst,Table 1,Select,No authorization,FALSE
2016-08-11 18:00,User A,Analyst,Table 1,Select,No authorization,FALSE
2016-08-11 18:15,User A,Analyst,Table 1,Append,No authorization,FALSE
2016-08-11 18:29,User A,Analyst,Table 1,Select,No authorization,FALSE
2016-08-11 18:43,User B,Business user,Table 2,Select,No authorization,FALSE
2016-08-11 18:58,User B,Business user,Element 1,Select,No authorization,TRUE
2016-08-11 19:12,User B,Business user,Table 2,Select,No authorization,FALSE
2016-08-11 19:27,User B,Business user,Element 1,Select,No authorization,TRUE
2016-08-11 19:41,User A,Analyst,Table 1,Select,No authorization,FALSE
2016-08-11 19:55,User A,Analyst,Table 1,Select,No authorization,FALSE
2016-08-11 20:10,User A,Analyst,Table 1,Select,No authorization,FALSE
2016-08-11 20:24,User A,Analyst,Table 1,Append,No authorization,FALSE
2016-08-11 20:39,User A,Analyst,Table 1,Select,No authorization,FALSE
2016-08-11 20:53,User A,Analyst,Table 1,Select,No authorization,FALSE
2016-08-11 21:07,User A,Analyst,Table 1,Select,No authorization,FALSE
2016-08-11 21:22,User A,Analyst,Table 1,Append,No authorization,FALSE
2016-08-11 21:36,User A,Analyst,Table 1,Select,No authorization,FALSE
2016-08-11 21:51,User B,Business user,Table 2,Select,No authorization,FALSE
2016-08-11 22:05,User B,Business user,Table 2,Select,No authorization,FALSE
2016-08-11 22:19,User B,Business user,Table 2,Select,No authorization,FALSE
2016-08-11 22:34,User B,Business user,Element 1,Select,No authorization,TRUE
2016-08-11 22:48,User A,Analyst,Table 1,Select,No authorization,FALSE
2016-08-11 23:03,User A,Analyst,Table 1,Select,No authorization,FALSE
2016-08-11 23:17,User A,Analyst,Table 1,Select,No authorization,FALSE
2016-08-11 23:31,User A,Analyst,Table 1,Append,No authorization,FALSE
2016-08-11 23:46,User A,Analyst,Table 1,Select,No authorization,FALSE
2016-08-12 0:00,User A,Analyst,Table 1,Select,No authorization,FALSE
2016-08-12 0:15,User A,Analyst,Table 1,Select,No authorization,FALSE
2016-08-12 0:29,User A,Analyst,Table 1,Append,No authorization,FALSE
2016-08-12 0:43,User A,Analyst,Table 1,Select,No authorization,FALSE
2016-08-12 0:58,User B,Business user,Table 2,Select,No authorization,FALSE
2016-08-12 1:12,User B,Business user,Table 2,Select,No authorization,FALSE
2016-08-12 1:27,User B,Business user,Table 2,Select,No authorization,FALSE
2016-08-12 1:41,User C,Administrator,Element 1,Select,No authorization,FALSE
2016-08-12 1:55,User A,Analyst,Table 1,Select,No authorization,FALSE
2016-08-12 2:10,User A,Analyst,Table 1,Select,No authorization,FALSE
2016-08-12 2:24,User A,Analyst,Table 1,Select,No authorization,FALSE
2016-08-12 2:39,User A,Analyst,Table 1,Append,No authorization,FALSE
2016-08-12 2:53,User A,Analyst,Table 1,Select,No authorization,FALSE
2016-08-12 3:07,User A,Analyst,Table 1,Select,No authorization,FALSE
2016-08-12 3:22,User A,Analyst,Table 1,Select,No authorization,FALSE
2016-08-12 3:36,User A,Analyst,Table 1,Append,No authorization,FALSE
2016-08-12 3:51,User A,Analyst,Table 1,Select,No authorization,FALSE
2016-08-12 4:05,User B,Business user,Table 2,Select,No authorization,FALSE
2016-08-12 4:19,User B,Business user,Table 2,Select,No authorization,FALSE
2016-08-12 4:34,User B,Business user,Table 2,Select,No authorization,FALSE
2016-08-12 4:48,User C,Administrator,Element 1,Select,No authorization,FALSE
2016-08-12 5:03,User A,Analyst,Table 1,Select,No authorization,FALSE
2016-08-12 5:17,User A,Analyst,Table 1,Select,No authorization,FALSE
2016-08-12 5:31,User A,Analyst,Table 1,Select,No authorization,FALSE
2016-08-12 5:46,User A,Analyst,Table 1,Append,No authorization,FALSE
2016-08-12 6:00,User A,Analyst,Table 1,Select,No authorization,FALSE
2016-08-12 6:15,User A,Analyst,Table 1,Select,No authorization,FALSE
2016-08-12 6:29,User A,Analyst,Table 1,Select,No authorization,FALSE
2016-08-12 6:43,User A,Analyst,Table 1,Append,No authorization,FALSE
2016-08-12 6:58,User A,Analyst,Table 1,Select,No authorization,FALSE
2016-08-12 7:12,User B,Business user,Table 2,Select,No authorization,FALSE
2016-08-12 7:27,User B,Business user,Table 2,Select,No authorization,FALSE
2016-08-12 7:41,User B,Business user,Table 2,Select,No authorization,FALSE
2016-08-12 7:55,User B,Business user,Element 1,Select,No authorization,TRUE
2016-08-12 8:10,User A,Analyst,Table 1,Select,No authorization,FALSE
2016-08-12 8:24,User A,Analyst,Table 1,Select,No authorization,FALSE
2016-08-12 8:39,User A,Analyst,Table 1,Select,No authorization,FALSE
2016-08-12 8:53,User A,Analyst,Table 1,Append,No authorization,FALSE
2016-08-12 9:07,User A,Analyst,Table 1,Select,No authorization,FALSE
2016-08-12 9:22,User A,Analyst,Table 1,Select,No authorization,FALSE
2016-08-12 9:36,User A,Analyst,Table 1,Select,No authorization,FALSE
2016-08-12 9:51,User A,Analyst,Table 1,Append,No authorization,FALSE
2016-08-12 10:05,User A,Analyst,Table 1,Select,No authorization,FALSE
2016-08-12 10:19,User B,Business user,Table 1,Select,No authorization,TRUE
2016-08-12 10:34,User B,Business user,Table 2,Select,No authorization,FALSE
2016-08-12 10:48,User B,Business user,Table 2,Select,No authorization,FALSE
2016-08-12 11:03,User C,Administrator,Element 1,Select,No authorization,FALSE
2016-08-12 11:17,User C,Administrator,Element 1,Select,No authorization,FALSE
2016-08-12 11:31,User C,Administrator,Element 1,Select,No authorization,FALSE
2016-08-12 11:46,User A,Analyst,Table 1,Select,No authorization,FALSE
2016-08-12 12:00,User A,Analyst,Table 1,Select,No authorization,FALSE
2016-08-12 12:15,User B,Business user,Table 2,Select,No authorization,FALSE
2016-08-12 12:29,User B,Business user,Table 2,Select,No authorization,FALSE
2016-08-12 12:43,User C,Administrator,Element 1,Select,No authorization,FALSE
2016-08-12 12:58,User C,Administrator,Element 1,Select,No authorization,FALSE
2016-08-12 13:12,User C,Administrator,Element 3,Select,No authorization,FALSE
2016-08-12 13:27,User A,Analyst,Table 1,Select,No authorization,FALSE
2016-08-12 13:41,User A,Analyst,Table 1,Select,No authorization,FALSE
2016-08-12 13:55,User B,Business user,Table 1,Select,No authorization,TRUE
2016-08-12 14:10,User B,Business user,Table 1,Select,No authorization,TRUE
2016-08-12 14:24,User B,Business user,Table 1,Select,No authorization,TRUE
2016-08-12 14:39,User B,Business user,Table 2,Select,No authorization,FALSE
2016-08-12 14:53,User B,Business user,Table 2,Select,No authorization,FALSE
2016-08-12 15:07,User C,Administrator,Element 1,Select,No authorization,FALSE
2016-08-12 15:22,User A,Analyst,Element 2,Select,No authorization,TRUE
2016-08-12 15:36,User A,Analyst,Element 2,Select,No authorization,TRUE
2016-08-12 15:51,User A,Analyst,Element 2,Select,No authorization,TRUE
2016-08-12 16:05,User A,Analyst,Element 3,Append,No authorization,TRUE
2016-08-12 16:19,User A,Analyst,Element 1,Select,No authorization,FALSE
2016-08-12 16:34,User B,Business user,Table 2,Select,No authorization,FALSE
2016-08-12 16:48,User B,Business user,Table 2,Select,No authorization,FALSE
2016-08-12 17:03,User B,Business user,Table 2,Select,No authorization,FALSE
2016-08-12 17:17,User C,Administrator,Element 1,Select,No authorization,FALSE
2016-08-12 17:31,User C,Administrator,Element 1,Select,No authorization,FALSE
2016-08-12 17:46,User A,Analyst,Table 1,Select,No authorization,FALSE
2016-08-12 18:00,User A,Analyst,Table 1,Select,No authorization,FALSE
2016-08-12 18:15,User C,Administrator,Element 1,Select,No authorization,FALSE
2016-08-12 18:29,User C,Administrator,Element 1,Select,No authorization,FALSE
2016-08-12 18:43,User A,Analyst,Table 1,Select,No authorization,FALSE
2016-08-12 18:58,User A,Analyst,Table 1,Select,No authorization,FALSE
2016-08-12 19:12,User C,Administrator,Element 2,Select,No authorization,FALSE
2016-08-12 19:27,User C,Administrator,Element 2,Select,No authorization,FALSE
2016-08-12 19:12,User A,Analyst,Table 1,Append,No authorization,FALSE
2016-08-12 19:27,User A,Analyst,Table 1,Select,No authorization,FALSE
2016-08-12 19:41,User B,Business user,Table 2,Select,No authorization,FALSE
2016-08-12 19:55,User B,Business user,Element 1,Select,No authorization,TRUE
2016-08-12 20:10,User B,Business user,Table 2,Select,No authorization,FALSE
2016-08-12 20:24,User B,Business user,Element 1,Select,No authorization,TRUE
2016-08-12 20:39,User A,Analyst,Table 1,Select,No authorization,FALSE
2016-08-12 20:53,User A,Analyst,Table 1,Select,No authorization,FALSE
2016-08-12 21:07,User A,Analyst,Table 1,Select,No authorization,FALSE
2016-08-12 21:22,User A,Analyst,Table 1,Append,No authorization,FALSE
2016-08-12 21:36,User A,Analyst,Table 1,Select,No authorization,FALSE
2016-08-12 21:51,User A,Analyst,Table 1,Select,No authorization,FALSE
2016-08-12 22:05,User A,Analyst,Table 1,Select,No authorization,FALSE
2016-08-12 22:19,User A,Analyst,Table 1,Append,No authorization,FALSE
2016-08-12 22:34,User A,Analyst,Table 1,Select,No authorization,FALSE
2016-08-12 22:48,User B,Business user,Table 2,Select,No authorization,FALSE
2016-08-12 23:03,User B,Business user,Element 1,Select,No authorization,TRUE
2016-08-12 23:17,User B,Business user,Table 2,Select,No authorization,FALSE
2016-08-12 23:31,User B,Business user,Element 1,Select,No authorization,TRUE
2016-08-12 23:46,User A,Analyst,Table 1,Select,No authorization,FALSE
2016-08-13 0:00,User A,Analyst,Table 1,Select,No authorization,FALSE
2016-08-13 0:15,User A,Analyst,Table 1,Select,No authorization,FALSE
2016-08-13 0:29,User A,Analyst,Table 1,Append,No authorization,FALSE
2016-08-13 0:43,User A,Analyst,Table 1,Select,No authorization,FALSE
2016-08-13 0:58,User A,Analyst,Table 1,Select,No authorization,FALSE
2016-08-13 1:12,User A,Analyst,Table 1,Select,No authorization,FALSE
2016-08-13 1:27,User A,Analyst,Table 1,Append,No authorization,FALSE
2016-08-13 1:41,User A,Analyst,Table 1,Select,No authorization,FALSE
2016-08-13 1:55,User B,Business user,Table 2,Select,No authorization,FALSE
2016-08-13 2:10,User B,Business user,Table 2,Select,No authorization,FALSE
2016-08-13 2:24,User B,Business user,Table 2,Select,No authorization,FALSE
2016-08-13 2:39,User B,Business user,Element 1,Select,No authorization,TRUE
2016-08-13 2:53,User A,Analyst,Table 1,Select,No authorization,FALSE
2016-08-13 3:07,User A,Analyst,Table 1,Select,No authorization,FALSE
2016-08-13 3:22,User A,Analyst,Table 1,Select,No authorization,FALSE
2016-08-13 3:36,User A,Analyst,Table 1,Append,No authorization,FALSE
2016-08-13 3:51,User A,Analyst,Table 1,Select,No authorization,FALSE
2016-08-13 4:05,User A,Analyst,Table 1,Select,No authorization,FALSE
2016-08-13 4:19,User A,Analyst,Table 1,Select,No authorization,FALSE
2016-08-13 4:34,User A,Analyst,Table 1,Append,No authorization,FALSE
2016-08-13 4:48,User A,Analyst,Table 1,Select,No authorization,FALSE
2016-08-13 5:03,User B,Business user,Table 2,Select,No authorization,FALSE
2016-08-13 5:17,User B,Business user,Table 2,Select,No authorization,FALSE
2016-08-13 5:31,User B,Business user,Table 2,Select,No authorization,FALSE
2016-08-13 5:46,User C,Administrator,Element 1,Select,No authorization,FALSE
2016-08-13 6:00,User A,Analyst,Table 1,Select,No authorization,FALSE
2016-08-13 6:15,User A,Analyst,Table 1,Select,No authorization,FALSE
2016-08-13 6:29,User A,Analyst,Table 1,Select,No authorization,FALSE
2016-08-13 6:43,User A,Analyst,Table 1,Append,No authorization,FALSE
2016-08-13 6:58,User A,Analyst,Table 1,Select,No authorization,FALSE
2016-08-13 7:12,User A,Analyst,Table 1,Select,No authorization,FALSE
2016-08-13 7:27,User A,Analyst,Table 1,Select,No authorization,FALSE
2016-08-13 7:41,User A,Analyst,Table 1,Append,No authorization,FALSE
2016-08-13 7:55,User A,Analyst,Table 1,Select,No authorization,FALSE
2016-08-13 8:10,User B,Business user,Table 2,Select,No authorization,FALSE
2016-08-13 8:24,User B,Business user,Table 2,Select,No authorization,FALSE
2016-08-13 8:39,User B,Business user,Table 2,Select,No authorization,FALSE
2016-08-13 8:53,User C,Administrator,Element 1,Select,No authorization,FALSE
2016-08-13 9:07,User A,Analyst,Table 1,Select,No authorization,FALSE
2016-08-13 9:22,User A,Analyst,Table 1,Select,No authorization,FALSE
2016-08-13 9:36,User A,Analyst,Table 1,Select,No authorization,FALSE
2016-08-13 9:51,User A,Analyst,Table 1,Append,No authorization,FALSE
2016-08-13 10:05,User A,Analyst,Table 1,Select,No authorization,FALSE
2016-08-13 10:19,User A,Analyst,Table 1,Select,No authorization,FALSE
2016-08-13 10:34,User A,Analyst,Table 1,Select,No authorization,FALSE
2016-08-13 10:48,User A,Analyst,Table 1,Append,No authorization,FALSE
2016-08-13 11:03,User A,Analyst,Table 1,Select,No authorization,FALSE
2016-08-13 11:17,User B,Business user,Table 2,Select,No authorization,FALSE
2016-08-13 11:31,User B,Business user,Table 2,Select,No authorization,FALSE
2016-08-13 11:46,User B,Business user,Table 2,Select,No authorization,FALSE
2016-08-13 12:00,User B,Business user,Element 1,Select,No authorization,TRUE
2016-08-13 12:15,User A,Analyst,Table 1,Select,No authorization,FALSE
2016-08-13 12:29,User A,Analyst,Table 1,Select,No authorization,FALSE
2016-08-13 12:43,User A,Analyst,Table 1,Select,No authorization,FALSE
2016-08-13 12:58,User A,Analyst,Table 1,Append,No authorization,FALSE
2016-08-13 13:12,User A,Analyst,Table 1,Select,No authorization,FALSE
2016-08-13 13:27,User A,Analyst,Table 1,Select,No authorization,FALSE
2016-08-13 13:41,User A,Analyst,Table 1,Select,No authorization,FALSE
2016-08-13 13:55,User A,Analyst,Table 1,Append,No authorization,FALSE
2016-08-13 14:10,User A,Analyst,Table 1,Select,No authorization,FALSE
2016-08-13 14:24,User B,Business user,Table 1,Select,No authorization,TRUE
2016-08-13 14:39,User B,Business user,Table 2,Select,No authorization,FALSE
2016-08-13 14:53,User B,Business user,Table 2,Select,No authorization,FALSE
2016-08-13 15:07,User C,Administrator,Element 1,Select,No authorization,FALSE
2016-08-13 15:22,User C,Administrator,Element 1,Select,No authorization,FALSE
2016-08-13 15:36,User C,Administrator,Element 1,Select,No authorization,FALSE
2016-08-13 15:51,User A,Analyst,Table 1,Select,No authorization,FALSE
2016-08-13 16:05,User A,Analyst,Table 1,Select,No authorization,FALSE
2016-08-13 16:19,User B,Business user,Table 2,Select,No authorization,FALSE
2016-08-13 16:34,User B,Business user,Table 2,Select,No authorization,FALSE
2016-08-13 16:48,User C,Administrator,Element 1,Select,No authorization,FALSE
2016-08-13 17:03,User C,Administrator,Element 1,Select,No authorization,FALSE
2016-08-13 17:17,User C,Administrator,Element 3,Select,No authorization,FALSE
2016-08-13 17:31,User A,Analyst,Table 1,Select,No authorization,FALSE
2016-08-13 17:46,User A,Analyst,Table 1,Select,No authorization,FALSE
2016-08-13 18:00,User B,Business user,Table 1,Select,No authorization,TRUE
2016-08-13 18:15,User B,Business user,Table 1,Select,No authorization,TRUE
2016-08-13 18:29,User B,Business user,Table 1,Select,No authorization,TRUE
2016-08-13 18:43,User B,Business user,Table 2,Select,No authorization,FALSE
2016-08-13 18:58,User B,Business user,Table 2,Select,No authorization,FALSE
2016-08-13 19:12,User C,Administrator,Element 1,Select,No authorization,FALSE
2016-08-13 19:27,User A,Analyst,Element 2,Select,No authorization,TRUE
2016-08-13 19:41,User A,Analyst,Element 2,Select,No authorization,TRUE
2016-08-13 19:55,User A,Analyst,Element 2,Select,No authorization,TRUE
2016-08-13 20:10,User A,Analyst,Element 3,Append,No authorization,TRUE
2016-08-13 20:24,User A,Analyst,Element 1,Select,No authorization,FALSE
2016-08-13 20:39,User B,Business user,Table 2,Select,No authorization,FALSE
2016-08-13 20:53,User B,Business user,Table 2,Select,No authorization,FALSE
2016-08-13 21:07,User B,Business user,Table 2,Select,No authorization,FALSE
2016-08-13 21:22,User C,Administrator,Element 1,Select,No authorization,FALSE
2016-08-13 21:36,User C,Administrator,Element 1,Select,No authorization,FALSE
2016-08-13 21:51,User A,Analyst,Table 1,Select,No authorization,FALSE
2016-08-13 22:05,User A,Analyst,Table 1,Select,No authorization,FALSE
2016-08-13 22:19,User C,Administrator,Element 1,Select,No authorization,FALSE
2016-08-13 22:34,User C,Administrator,Element 1,Select,No authorization,FALSE
2016-08-13 22:48,User A,Analyst,Table 1,Select,No authorization,FALSE
2016-08-13 23:03,User A,Analyst,Table 1,Select,No authorization,FALSE
2016-08-13 23:17,User C,Administrator,Element 2,Select,No authorization,FALSE
2016-08-13 23:31,User C,Administrator,Element 2,Select,No authorization,FALSE
2016-08-13 23:17,User A,Analyst,Table 1,Append,No authorization,FALSE
2016-08-13 23:31,User A,Analyst,Table 1,Select,No authorization,FALSE
2016-08-13 23:46,User B,Business user,Table 2,Select,No authorization,FALSE
2016-08-14 0:00,User B,Business user,Element 1,Select,No authorization,TRUE
2016-08-14 0:15,User B,Business user,Table 2,Select,No authorization,FALSE
2016-08-14 0:29,User B,Business user,Element 1,Select,No authorization,TRUE
2016-08-14 0:43,User A,Analyst,Table 1,Select,No authorization,FALSE
2016-08-14 0:58,User A,Analyst,Table 1,Select,No authorization,FALSE
2016-08-14 1:12,User A,Analyst,Table 1,Select,No authorization,FALSE
2016-08-14 1:27,User A,Analyst,Table 1,Append,No authorization,FALSE
2016-08-14 1:41,User A,Analyst,Table 1,Select,No authorization,FALSE
2016-08-14 1:55,User A,Analyst,Table 1,Select,No authorization,FALSE
2016-08-14 2:10,User A,Analyst,Table 1,Select,No authorization,FALSE
2016-08-14 2:24,User A,Analyst,Table 1,Append,No authorization,FALSE
2016-08-14 2:39,User A,Analyst,Table 1,Select,No authorization,FALSE
2016-08-14 2:53,User B,Business user,Table 2,Select,No authorization,FALSE
2016-08-14 3:07,User B,Business user,Element 1,Select,No authorization,TRUE
2016-08-14 3:22,User B,Business user,Table 2,Select,No authorization,FALSE
2016-08-14 3:36,User B,Business user,Element 1,Select,No authorization,TRUE
2016-08-14 3:51,User A,Analyst,Table 1,Select,No authorization,FALSE
2016-08-14 4:05,User A,Analyst,Table 1,Select,No authorization,FALSE
2016-08-14 4:19,User A,Analyst,Table 1,Select,No authorization,FALSE
2016-08-14 4:34,User A,Analyst,Table 1,Append,No authorization,FALSE
2016-08-14 4:48,User A,Analyst,Table 1,Select,No authorization,FALSE
2016-08-14 5:03,User A,Analyst,Table 1,Select,No authorization,FALSE
2016-08-14 5:17,User A,Analyst,Table 1,Select,No authorization,FALSE
2016-08-14 5:31,User A,Analyst,Table 1,Append,No authorization,FALSE
2016-08-14 5:46,User A,Analyst,Table 1,Select,No authorization,FALSE
2016-08-14 6:00,User B,Business user,Table 2,Select,No authorization,FALSE
2016-08-14 6:15,User B,Business user,Table 2,Select,No authorization,FALSE
2016-08-14 6:29,User B,Business user,Table 2,Select,No authorization,FALSE
2016-08-14 6:43,User B,Business user,Element 1,Select,No authorization,TRUE
2016-08-14 6:58,User A,Analyst,Table 1,Select,No authorization,FALSE
2016-08-14 7:12,User A,Analyst,Table 1,Select,No authorization,FALSE
2016-08-14 7:27,User A,Analyst,Table 1,Select,No authorization,FALSE
2016-08-14 7:41,User A,Analyst,Table 1,Append,No authorization,FALSE
2016-08-14 7:55,User A,Analyst,Table 1,Select,No authorization,FALSE
2016-08-14 8:10,User A,Analyst,Table 1,Select,No authorization,FALSE
2016-08-14 8:24,User A,Analyst,Table 1,Select,No authorization,FALSE
2016-08-14 8:39,User A,Analyst,Table 1,Append,No authorization,FALSE
2016-08-14 8:53,User A,Analyst,Table 1,Select,No authorization,FALSE
2016-08-14 9:07,User B,Business user,Table 2,Select,No authorization,FALSE
2016-08-14 9:22,User B,Business user,Table 2,Select,No authorization,FALSE
2016-08-14 9:36,User B,Business user,Table 2,Select,No authorization,FALSE
2016-08-14 9:51,User C,Administrator,Element 1,Select,No authorization,FALSE
2016-08-14 10:05,User A,Analyst,Table 1,Select,No authorization,FALSE
2016-08-14 10:19,User A,Analyst,Table 1,Select,No authorization,FALSE
2016-08-14 10:34,User A,Analyst,Table 1,Select,No authorization,FALSE
2016-08-14 10:48,User A,Analyst,Table 1,Append,No authorization,FALSE
2016-08-14 11:03,User A,Analyst,Table 1,Select,No authorization,FALSE
2016-08-14 11:17,User A,Analyst,Table 1,Select,No authorization,FALSE
2016-08-14 11:31,User A,Analyst,Table 1,Select,No authorization,FALSE
2016-08-14 11:46,User A,Analyst,Table 1,Append,No authorization,FALSE
2016-08-14 12:00,User A,Analyst,Table 1,Select,No authorization,FALSE
2016-08-14 12:15,User B,Business user,Table 2,Select,No authorization,FALSE
2016-08-14 12:29,User B,Business user,Table 2,Select,No authorization,FALSE
2016-08-14 12:43,User B,Business user,Table 2,Select,No authorization,FALSE
2016-08-14 12:58,User C,Administrator,Element 1,Select,No authorization,FALSE
2016-08-14 13:12,User A,Analyst,Table 1,Select,No authorization,FALSE
2016-08-14 13:27,User A,Analyst,Table 1,Select,No authorization,FALSE
2016-08-14 13:41,User A,Analyst,Table 1,Select,No authorization,FALSE
2016-08-14 13:55,User A,Analyst,Table 1,Append,No authorization,FALSE
2016-08-14 14:10,User A,Analyst,Table 1,Select,No authorization,FALSE
2016-08-14 14:24,User A,Analyst,Table 1,Select,No authorization,FALSE
2016-08-14 14:39,User A,Analyst,Table 1,Select,No authorization,FALSE
2016-08-14 14:53,User A,Analyst,Table 1,Append,No authorization,FALSE
2016-08-14 15:07,User A,Analyst,Table 1,Select,No authorization,FALSE
2016-08-14 15:22,User B,Business user,Table 2,Select,No authorization,FALSE
2016-08-14 15:36,User B,Business user,Table 2,Select,No authorization,FALSE
2016-08-14 15:51,User B,Business user,Table 2,Select,No authorization,FALSE
2016-08-14 16:05,User B,Business user,Element 1,Select,No authorization,TRUE
2016-08-14 16:19,User A,Analyst,Table 1,Select,No authorization,FALSE
2016-08-14 16:34,User A,Analyst,Table 1,Select,No authorization,FALSE
2016-08-14 16:48,User A,Analyst,Table 1,Select,No authorization,FALSE
2016-08-14 17:03,User A,Analyst,Table 1,Append,No authorization,FALSE
2016-08-14 17:17,User A,Analyst,Table 1,Select,No authorization,FALSE
2016-08-14 17:31,User A,Analyst,Table 1,Select,No authorization,FALSE
2016-08-14 17:46,User A,Analyst,Table 1,Select,No authorization,FALSE
2016-08-14 18:00,User A,Analyst,Table 1,Append,No authorization,FALSE
2016-08-14 18:15,User A,Analyst,Table 1,Select,No authorization,FALSE
2016-08-14 18:29,User B,Business user,Table 1,Select,No authorization,TRUE
2016-08-14 18:43,User B,Business user,Table 2,Select,No authorization,FALSE
2016-08-14 18:58,User B,Business user,Table 2,Select,No authorization,FALSE
2016-08-14 19:12,User C,Administrator,Element 1,Select,No authorization,FALSE
2016-08-14 19:27,User C,Administrator,Element 1,Select,No authorization,FALSE
2016-08-14 19:41,User C,Administrator,Element 1,Select,No authorization,FALSE
2016-08-14 19:55,User A,Analyst,Table 1,Select,No authorization,FALSE
2016-08-14 20:10,User A,Analyst,Table 1,Select,No authorization,FALSE
2016-08-14 20:24,User B,Business user,Table 2,Select,No authorization,FALSE
2016-08-14 20:39,User B,Business user,Table 2,Select,No authorization,FALSE
2016-08-14 20:53,User C,Administrator,Element 1,Select,No authorization,FALSE
2016-08-14 21:07,User C,Administrator,Element 1,Select,No authorization,FALSE
2016-08-14 21:22,User C,Administrator,Element 3,Select,No authorization,FALSE
2016-08-14 21:36,User A,Analyst,Table 1,Select,No authorization,FALSE
2016-08-14 21:51,User A,Analyst,Table 1,Select,No authorization,FALSE
2016-08-14 22:05,User B,Business user,Table 1,Select,No authorization,TRUE
2016-08-14 22:19,User B,Business user,Table 1,Select,No authorization,TRUE
2016-08-14 22:34,User B,Business user,Table 1,Select,No authorization,TRUE
2016-08-14 22:48,User B,Business user,Table 2,Select,No authorization,FALSE
2016-08-14 23:03,User B,Business user,Table 2,Select,No authorization,FALSE
2016-08-14 23:17,User C,Administrator,Element 1,Select,No authorization,FALSE
2016-08-14 23:31,User A,Analyst,Element 2,Select,No authorization,TRUE
2016-08-14 23:46,User A,Analyst,Element 2,Select,No authorization,TRUE
2016-08-15 0:00,User A,Analyst,Element 2,Select,No authorization,TRUE
2016-08-15 0:15,User A,Analyst,Element 3,Append,No authorization,TRUE
2016-08-15 0:29,User A,Analyst,Element 1,Select,No authorization,FALSE
2016-08-15 0:43,User B,Business user,Table 2,Select,No authorization,FALSE
2016-08-15 0:58,User B,Business user,Table 2,Select,No authorization,FALSE
2016-08-15 1:12,User B,Business user,Table 2,Select,No authorization,FALSE
2016-08-15 1:27,User C,Administrator,Element 1,Select,No authorization,FALSE
2016-08-15 1:41,User C,Administrator,Element 1,Select,No authorization,FALSE
2016-08-15 1:55,User A,Analyst,Table 1,Select,No authorization,FALSE
2016-08-15 2:10,User A,Analyst,Table 1,Select,No authorization,FALSE
2016-08-15 2:24,User C,Administrator,Element 1,Select,No authorization,FALSE
2016-08-15 2:39,User C,Administrator,Element 1,Select,No authorization,FALSE
2016-08-15 2:53,User A,Analyst,Table 1,Select,No authorization,FALSE
2016-08-15 3:07,User A,Analyst,Table 1,Select,No authorization,FALSE
2016-08-15 3:22,User C,Administrator,Element 2,Select,No authorization,FALSE
2016-08-15 3:36,User C,Administrator,Element 2,Select,No authorization,FALSE
2016-08-15 3:22,User A,Analyst,Table 1,Append,No authorization,FALSE
2016-08-15 3:36,User A,Analyst,Table 1,Select,No authorization,FALSE
2016-08-15 3:51,User B,Business user,Table 2,Select,No authorization,FALSE
2016-08-15 4:05,User B,Business user,Element 1,Select,No authorization,TRUE
2016-08-15 4:19,User B,Business user,Table 2,Select,No authorization,FALSE
2016-08-15 4:34,User B,Business user,Element 1,Select,No authorization,TRUE
2016-08-15 4:48,User A,Analyst,Table 1,Select,No authorization,FALSE
2016-08-15 5:03,User A,Analyst,Table 1,Select,No authorization,FALSE
2016-08-15 5:17,User A,Analyst,Table 1,Select,No authorization,FALSE
2016-08-15 5:31,User A,Analyst,Table 1,Append,No authorization,FALSE
2016-08-15 5:46,User A,Analyst,Table 1,Select,No authorization,FALSE
2016-08-15 6:00,User A,Analyst,Table 1,Select,No authorization,FALSE
2016-08-15 6:15,User A,Analyst,Table 1,Select,No authorization,FALSE
2016-08-15 6:29,User A,Analyst,Table 1,Append,No authorization,FALSE
2016-08-15 6:43,User A,Analyst,Table 1,Select,No authorization,FALSE
2016-08-15 6:58,User B,Business user,Table 2,Select,No authorization,FALSE
2016-08-15 7:12,User B,Business user,Element 1,Select,No authorization,TRUE
2016-08-15 7:27,User B,Business user,Table 2,Select,No authorization,FALSE
2016-08-15 7:41,User B,Business user,Element 1,Select,No authorization,TRUE
2016-08-15 7:55,User A,Analyst,Table 1,Select,No authorization,FALSE
2016-08-15 8:10,User A,Analyst,Table 1,Select,No authorization,FALSE
2016-08-15 8:24,User A,Analyst,Table 1,Select,No authorization,FALSE
2016-08-15 8:39,User A,Analyst,Table 1,Append,No authorization,FALSE
2016-08-15 8:53,User A,Analyst,Table 1,Select,No authorization,FALSE
2016-08-15 9:07,User A,Analyst,Table 1,Select,No authorization,FALSE
2016-08-15 9:22,User A,Analyst,Table 1,Select,No authorization,FALSE
2016-08-15 9:36,User A,Analyst,Table 1,Append,No authorization,FALSE
2016-08-15 9:51,User A,Analyst,Table 1,Select,No authorization,FALSE
2016-08-15 10:05,User B,Business user,Table 2,Select,No authorization,FALSE
2016-08-15 10:19,User B,Business user,Table 2,Select,No authorization,FALSE
2016-08-15 10:34,User B,Business user,Table 2,Select,No authorization,FALSE
2016-08-15 10:48,User B,Business user,Element 1,Select,No authorization,TRUE
2016-08-15 11:03,User A,Analyst,Table 1,Select,No authorization,FALSE
2016-08-15 11:17,User A,Analyst,Table 1,Select,No authorization,FALSE
2016-08-15 11:31,User A,Analyst,Table 1,Select,No authorization,FALSE
2016-08-15 11:46,User A,Analyst,Table 1,Append,No authorization,FALSE
2016-08-15 12:00,User A,Analyst,Table 1,Select,No authorization,FALSE
2016-08-15 12:15,User A,Analyst,Table 1,Select,No authorization,FALSE
2016-08-15 12:29,User A,Analyst,Table 1,Select,No authorization,FALSE
2016-08-15 12:43,User A,Analyst,Table 1,Append,No authorization,FALSE
2016-08-15 12:58,User A,Analyst,Table 1,Select,No authorization,FALSE
2016-08-15 13:12,User B,Business user,Table 2,Select,No authorization,FALSE
2016-08-15 13:27,User B,Business user,Table 2,Select,No authorization,FALSE
2016-08-15 13:41,User B,Business user,Table 2,Select,No authorization,FALSE
2016-08-15 13:55,User C,Administrator,Element 1,Select,No authorization,FALSE
2016-08-15 14:10,User A,Analyst,Table 1,Select,No authorization,FALSE
2016-08-15 14:24,User A,Analyst,Table 1,Select,No authorization,FALSE
2016-08-15 14:39,User A,Analyst,Table 1,Select,No authorization,FALSE
2016-08-15 14:53,User A,Analyst,Table 1,Append,No authorization,FALSE
2016-08-15 15:07,User A,Analyst,Table 1,Select,No authorization,FALSE
2016-08-15 15:22,User A,Analyst,Table 1,Select,No authorization,FALSE
2016-08-15 15:36,User A,Analyst,Table 1,Select,No authorization,FALSE
2016-08-15 15:51,User A,Analyst,Table 1,Append,No authorization,FALSE
2016-08-15 16:05,User A,Analyst,Table 1,Select,No authorization,FALSE
2016-08-15 16:19,User B,Business user,Table 2,Select,No authorization,FALSE
2016-08-15 16:34,User B,Business user,Table 2,Select,No authorization,FALSE
2016-08-15 16:48,User B,Business user,Table 2,Select,No authorization,FALSE
2016-08-15 17:03,User C,Administrator,Element 1,Select,No authorization,FALSE
2016-08-15 17:17,User A,Analyst,Table 1,Select,No authorization,FALSE
2016-08-15 17:31,User A,Analyst,Table 1,Select,No authorization,FALSE
2016-08-15 17:46,User A,Analyst,Table 1,Select,No authorization,FALSE
2016-08-15 18:00,User A,Analyst,Table 1,Append,No authorization,FALSE
2016-08-15 18:15,User A,Analyst,Table 1,Select,No authorization,FALSE
2016-08-15 18:29,User A,Analyst,Table 1,Select,No authorization,FALSE
2016-08-15 18:43,User A,Analyst,Table 1,Select,No authorization,FALSE
2016-08-15 18:58,User A,Analyst,Table 1,Append,No authorization,FALSE
2016-08-15 19:12,User A,Analyst,Table 1,Select,No authorization,FALSE
2016-08-15 19:27,User B,Business user,Table 2,Select,No authorization,FALSE
2016-08-15 19:41,User B,Business user,Table 2,Select,No authorization,FALSE
2016-08-15 19:55,User B,Business user,Table 2,Select,No authorization,FALSE
2016-08-15 20:10,User B,Business user,Element 1,Select,No authorization,TRUE
2016-08-15 20:24,User A,Analyst,Table 1,Select,No authorization,FALSE
2016-08-15 20:39,User A,Analyst,Table 1,Select,No authorization,FALSE
2016-08-15 20:53,User A,Analyst,Table 1,Select,No authorization,FALSE
2016-08-15 21:07,User A,Analyst,Table 1,Append,No authorization,FALSE
2016-08-15 21:22,User A,Analyst,Table 1,Select,No authorization,FALSE
2016-08-15 21:36,User A,Analyst,Table 1,Select,No authorization,FALSE
2016-08-15 21:51,User A,Analyst,Table 1,Select,No authorization,FALSE
2016-08-15 22:05,User A,Analyst,Table 1,Append,No authorization,FALSE
2016-08-15 22:19,User A,Analyst,Table 1,Select,No authorization,FALSE
2016-08-15 22:34,User B,Business user,Table 1,Select,No authorization,TRUE
2016-08-15 22:48,User B,Business user,Table 2,Select,No authorization,FALSE
2016-08-15 23:03,User B,Business user,Table 2,Select,No authorization,FALSE
2016-08-15 23:17,User C,Administrator,Element 1,Select,No authorization,FALSE
2016-08-15 23:31,User C,Administrator,Element 1,Select,No authorization,FALSE
2016-08-15 23:46,User C,Administrator,Element 1,Select,No authorization,FALSE
2016-08-16 0:00,User A,Analyst,Table 1,Select,No authorization,FALSE
2016-08-16 0:15,User A,Analyst,Table 1,Select,No authorization,FALSE
2016-08-16 0:29,User B,Business user,Table 2,Select,No authorization,FALSE
2016-08-16 0:43,User B,Business user,Table 2,Select,No authorization,FALSE
2016-08-16 0:58,User C,Administrator,Element 1,Select,No authorization,FALSE
2016-08-16 1:12,User C,Administrator,Element 1,Select,No authorization,FALSE
2016-08-16 1:27,User C,Administrator,Element 3,Select,No authorization,FALSE
2016-08-16 1:41,User A,Analyst,Table 1,Select,No authorization,FALSE
2016-08-16 1:55,User A,Analyst,Table 1,Select,No authorization,FALSE
2016-08-16 2:10,User B,Business user,Table 1,Select,No authorization,TRUE
2016-08-16 2:24,User B,Business user,Table 1,Select,No authorization,TRUE
2016-08-16 2:39,User B,Business user,Table 1,Select,No authorization,TRUE
2016-08-16 2:53,User B,Business user,Table 2,Select,No authorization,FALSE
2016-08-16 3:07,User B,Business user,Table 2,Select,No authorization,FALSE
2016-08-16 3:22,User C,Administrator,Element 1,Select,No authorization,FALSE
2016-08-16 3:36,User A,Analyst,Element 2,Select,No authorization,TRUE
2016-08-16 3:51,User A,Analyst,Element 2,Select,No authorization,TRUE
2016-08-16 4:05,User A,Analyst,Element 2,Select,No authorization,TRUE
2016-08-16 4:19,User A,Analyst,Element 3,Append,No authorization,TRUE
2016-08-16 4:34,User A,Analyst,Element 1,Select,No authorization,FALSE
2016-08-16 4:48,User B,Business user,Table 2,Select,No authorization,FALSE
2016-08-16 5:03,User B,Business user,Table 2,Select,No authorization,FALSE
2016-08-16 5:17,User B,Business user,Table 2,Select,No authorization,FALSE
2016-08-16 5:31,User C,Administrator,Element 1,Select,No authorization,FALSE
2016-08-16 5:46,User C,Administrator,Element 1,Select,No authorization,FALSE
2016-08-16 6:00,User A,Analyst,Table 1,Select,No authorization,FALSE
2016-08-16 6:15,User A,Analyst,Table 1,Select,No authorization,FALSE
2016-08-16 6:29,User C,Administrator,Element 1,Select,No authorization,FALSE
2016-08-16 6:43,User C,Administrator,Element 1,Select,No authorization,FALSE
2016-08-16 6:58,User A,Analyst,Table 1,Select,No authorization,FALSE
2016-08-16 7:12,User A,Analyst,Table 1,Select,No authorization,FALSE
2016-08-16 7:27,User C,Administrator,Element 2,Select,No authorization,FALSE
2016-08-16 7:41,User C,Administrator,Element 2,Select,No authorization,FALSE
2016-08-16 7:27,User A,Analyst,Table 1,Append,No authorization,FALSE
2016-08-16 7:41,User A,Analyst,Table 1,Select,No authorization,FALSE
2016-08-16 7:55,User B,Business user,Table 2,Select,No authorization,FALSE
2016-08-16 8:10,User B,Business user,Element 1,Select,No authorization,TRUE
2016-08-16 8:24,User B,Business user,Table 2,Select,No authorization,FALSE
2016-08-16 8:39,User B,Business user,Element 1,Select,No authorization,TRUE
2016-08-16 8:53,User A,Analyst,Table 1,Select,No authorization,FALSE
2016-08-16 9:07,User A,Analyst,Table 1,Select,No authorization,FALSE
2016-08-16 9:22,User A,Analyst,Table 1,Select,No authorization,FALSE
2016-08-16 9:36,User A,Analyst,Table 1,Append,No authorization,FALSE
2016-08-16 9:51,User A,Analyst,Table 1,Select,No authorization,FALSE
2016-08-16 10:05,User A,Analyst,Table 1,Select,No authorization,FALSE
2016-08-16 10:19,User A,Analyst,Table 1,Select,No authorization,FALSE
2016-08-16 10:34,User A,Analyst,Table 1,Append,No authorization,FALSE
2016-08-16 10:48,User A,Analyst,Table 1,Select,No authorization,FALSE
2016-08-16 11:03,User B,Business user,Table 2,Select,No authorization,FALSE
2016-08-16 11:17,User B,Business user,Element 1,Select,No authorization,TRUE
2016-08-16 11:31,User B,Business user,Table 2,Select,No authorization,FALSE
2016-08-16 11:46,User B,Business user,Element 1,Select,No authorization,TRUE
2016-08-16 12:00,User A,Analyst,Table 1,Select,No authorization,FALSE
2016-08-16 12:15,User A,Analyst,Table 1,Select,No authorization,FALSE
2016-08-16 12:29,User A,Analyst,Table 1,Select,No authorization,FALSE
2016-08-16 12:43,User A,Analyst,Table 1,Append,No authorization,FALSE
2016-08-16 12:58,User A,Analyst,Table 1,Select,No authorization,FALSE
2016-08-16 13:12,User A,Analyst,Table 1,Select,No authorization,FALSE
2016-08-16 13:27,User A,Analyst,Table 1,Select,No authorization,FALSE
2016-08-16 13:41,User A,Analyst,Table 1,Append,No authorization,FALSE
2016-08-16 13:55,User A,Analyst,Table 1,Select,No authorization,FALSE
2016-08-16 14:10,User B,Business user,Table 2,Select,No authorization,FALSE
2016-08-16 14:24,User B,Business user,Table 2,Select,No authorization,FALSE
2016-08-16 14:39,User B,Business user,Table 2,Select,No authorization,FALSE
2016-08-16 14:53,User B,Business user,Element 1,Select,No authorization,TRUE
2016-08-16 15:07,User A,Analyst,Table 1,Select,No authorization,FALSE
2016-08-16 15:22,User A,Analyst,Table 1,Select,No authorization,FALSE
2016-08-16 15:36,User A,Analyst,Table 1,Select,No authorization,FALSE
2016-08-16 15:51,User A,Analyst,Table 1,Append,No authorization,FALSE
2016-08-16 16:05,User A,Analyst,Table 1,Select,No authorization,FALSE
2016-08-16 16:19,User A,Analyst,Table 1,Select,No authorization,FALSE
2016-08-16 16:34,User A,Analyst,Table 1,Select,No authorization,FALSE
2016-08-16 16:48,User A,Analyst,Table 1,Append,No authorization,FALSE
2016-08-16 17:03,User A,Analyst,Table 1,Select,No authorization,FALSE
2016-08-16 17:17,User B,Business user,Table 2,Select,No authorization,FALSE
2016-08-16 17:31,User B,Business user,Table 2,Select,No authorization,FALSE
2016-08-16 17:46,User B,Business user,Table 2,Select,No authorization,FALSE
2016-08-16 18:00,User C,Administrator,Element 1,Select,No authorization,FALSE
2016-08-16 18:15,User A,Analyst,Table 1,Select,No authorization,FALSE
2016-08-16 18:29,User A,Analyst,Table 1,Select,No authorization,FALSE
2016-08-16 18:43,User A,Analyst,Table 1,Select,No authorization,FALSE
2016-08-16 18:58,User A,Analyst,Table 1,Append,No authorization,FALSE
2016-08-16 19:12,User A,Analyst,Table 1,Select,No authorization,FALSE
2016-08-16 19:27,User A,Analyst,Table 1,Select,No authorization,FALSE
2016-08-16 19:41,User A,Analyst,Table 1,Select,No authorization,FALSE
2016-08-16 19:55,User A,Analyst,Table 1,Append,No authorization,FALSE
2016-08-16 20:10,User A,Analyst,Table 1,Select,No authorization,FALSE
2016-08-16 20:24,User B,Business user,Table 2,Select,No authorization,FALSE
2016-08-16 20:39,User B,Business user,Table 2,Select,No authorization,FALSE
2016-08-16 20:53,User B,Business user,Table 2,Select,No authorization,FALSE
2016-08-16 21:07,User C,Administrator,Element 1,Select,No authorization,FALSE
2016-08-16 21:22,User A,Analyst,Table 1,Select,No authorization,FALSE
2016-08-16 21:36,User A,Analyst,Table 1,Select,No authorization,FALSE
2016-08-16 21:51,User A,Analyst,Table 1,Select,No authorization,FALSE
2016-08-16 22:05,User A,Analyst,Table 1,Append,No authorization,FALSE
2016-08-16 22:19,User A,Analyst,Table 1,Select,No authorization,FALSE
2016-08-16 22:34,User A,Analyst,Table 1,Select,No authorization,FALSE
2016-08-16 22:48,User A,Analyst,Table 1,Select,No authorization,FALSE
2016-08-16 23:03,User A,Analyst,Table 1,Append,No authorization,FALSE
2016-08-16 23:17,User A,Analyst,Table 1,Select,No authorization,FALSE
2016-08-16 23:31,User B,Business user,Table 2,Select,No authorization,FALSE
2016-08-16 23:46,User B,Business user,Table 2,Select,No authorization,FALSE
2016-08-17 0:00,User B,Business user,Table 2,Select,No authorization,FALSE
2016-08-17 0:15,User B,Business user,Element 1,Select,No authorization,TRUE
2016-08-17 0:29,User A,Analyst,Table 1,Select,No authorization,FALSE
2016-08-17 0:43,User A,Analyst,Table 1,Select,No authorization,FALSE
2016-08-17 0:58,User A,Analyst,Table 1,Select,No authorization,FALSE
2016-08-17 1:12,User A,Analyst,Table 1,Append,No authorization,FALSE
2016-08-17 1:27,User A,Analyst,Table 1,Select,No authorization,FALSE
2016-08-17 1:41,User A,Analyst,Table 1,Select,No authorization,FALSE
2016-08-17 1:55,User A,Analyst,Table 1,Select,No authorization,FALSE
2016-08-17 2:10,User A,Analyst,Table 1,Append,No authorization,FALSE
2016-08-17 2:24,User A,Analyst,Table 1,Select,No authorization,FALSE
2016-08-17 2:39,User B,Business user,Table 1,Select,No authorization,TRUE
2016-08-17 2:53,User B,Business user,Table 2,Select,No authorization,FALSE
2016-08-17 3:07,User B,Business user,Table 2,Select,No authorization,FALSE
2016-08-17 3:22,User C,Administrator,Element 1,Select,No authorization,FALSE
2016-08-17 3:36,User C,Administrator,Element 1,Select,No authorization,FALSE
2016-08-17 3:51,User C,Administrator,Element 1,Select,No authorization,FALSE
2016-08-17 4:05,User A,Analyst,Table 1,Select,No authorization,FALSE
2016-08-17 4:19,User A,Analyst,Table 1,Select,No authorization,FALSE
2016-08-17 4:34,User B,Business user,Table 2,Select,No authorization,FALSE
2016-08-17 4:48,User B,Business user,Table 2,Select,No authorization,FALSE
2016-08-17 5:03,User C,Administrator,Element 1,Select,No authorization,FALSE
2016-08-17 5:17,User C,Administrator,Element 1,Select,No authorization,FALSE
2016-08-17 5:31,User C,Administrator,Element 3,Select,No authorization,FALSE
2016-08-17 5:46,User A,Analyst,Table 1,Select,No authorization,FALSE
2016-08-17 6:00,User A,Analyst,Table 1,Select,No authorization,FALSE
2016-08-17 6:15,User B,Business user,Table 1,Select,No authorization,TRUE
2016-08-17 6:29,User B,Business user,Table 1,Select,No authorization,TRUE
2016-08-17 6:43,User B,Business user,Table 1,Select,No authorization,TRUE
2016-08-17 6:58,User B,Business user,Table 2,Select,No authorization,FALSE
2016-08-17 7:12,User B,Business user,Table 2,Select,No authorization,FALSE
2016-08-17 7:27,User C,Administrator,Element 1,Select,No authorization,FALSE
2016-08-17 7:41,User A,Analyst,Element 2,Select,No authorization,TRUE
2016-08-17 7:55,User A,Analyst,Element 2,Select,No authorization,TRUE
2016-08-17 8:10,User A,Analyst,Element 2,Select,No authorization,TRUE
2016-08-17 8:24,User A,Analyst,Element 3,Append,No authorization,TRUE
2016-08-17 8:39,User A,Analyst,Element 1,Select,No authorization,FALSE
2016-08-17 8:53,User B,Business user,Table 2,Select,No authorization,FALSE
2016-08-17 9:07,User B,Business user,Table 2,Select,No authorization,FALSE
2016-08-17 9:22,User B,Business user,Table 2,Select,No authorization,FALSE
2016-08-17 9:36,User C,Administrator,Element 1,Select,No authorization,FALSE
2016-08-17 9:51,User C,Administrator,Element 1,Select,No authorization,FALSE
2016-08-17 10:05,User A,Analyst,Table 1,Select,No authorization,FALSE
2016-08-17 10:19,User A,Analyst,Table 1,Select,No authorization,FALSE
2016-08-17 10:34,User C,Administrator,Element 1,Select,No authorization,FALSE
2016-08-17 10:48,User C,Administrator,Element 1,Select,No authorization,FALSE
2016-08-17 11:03,User A,Analyst,Table 1,Select,No authorization,FALSE
2016-08-17 11:17,User A,Analyst,Table 1,Select,No authorization,FALSE
2016-08-17 11:31,User C,Administrator,Element 2,Select,No authorization,FALSE
2016-08-17 11:46,User C,Administrator,Element 2,Select,No authorization,FALSE
2016-08-17 11:31,User A,Analyst,Table 1,Append,No authorization,FALSE
2016-08-17 11:46,User A,Analyst,Table 1,Select,No authorization,FALSE
2016-08-17 12:00,User B,Business user,Table 2,Select,No authorization,FALSE
2016-08-17 12:15,User B,Business user,Element 1,Select,No authorization,TRUE
2016-08-17 12:29,User B,Business user,Table 2,Select,No authorization,FALSE
2016-08-17 12:43,User B,Business user,Element 1,Select,No authorization,TRUE
2016-08-17 12:58,User A,Analyst,Table 1,Select,No authorization,FALSE
2016-08-17 13:12,User A,Analyst,Table 1,Select,No authorization,FALSE
2016-08-17 13:27,User A,Analyst,Table 1,Select,No authorization,FALSE
2016-08-17 13:41,User A,Analyst,Table 1,Append,No authorization,FALSE
2016-08-17 13:55,User A,Analyst,Table 1,Select,No authorization,FALSE
2016-08-17 14:10,User A,Analyst,Table 1,Select,No authorization,FALSE
2016-08-17 14:24,User A,Analyst,Table 1,Select,No authorization,FALSE
2016-08-17 14:39,User A,Analyst,Table 1,Append,No authorization,FALSE
2016-08-17 14:53,User A,Analyst,Table 1,Select,No authorization,FALSE
2016-08-17 15:07,User B,Business user,Table 2,Select,No authorization,FALSE
2016-08-17 15:22,User B,Business user,Element 1,Select,No authorization,TRUE
2016-08-17 15:36,User B,Business user,Table 2,Select,No authorization,FALSE
2016-08-17 15:51,User B,Business user,Element 1,Select,No authorization,TRUE
2016-08-17 16:05,User A,Analyst,Table 1,Select,No authorization,FALSE
2016-08-17 16:19,User A,Analyst,Table 1,Select,No authorization,FALSE
2016-08-17 16:34,User A,Analyst,Table 1,Select,No authorization,FALSE
2016-08-17 16:48,User A,Analyst,Table 1,Append,No authorization,FALSE
2016-08-17 17:03,User A,Analyst,Table 1,Select,No authorization,FALSE
2016-08-17 17:17,User A,Analyst,Table 1,Select,No authorization,FALSE
2016-08-17 17:31,User A,Analyst,Table 1,Select,No authorization,FALSE
2016-08-17 17:46,User A,Analyst,Table 1,Append,No authorization,FALSE
2016-08-17 18:00,User A,Analyst,Table 1,Select,No authorization,FALSE
2016-08-17 18:15,User B,Business user,Table 2,Select,No authorization,FALSE
2016-08-17 18:29,User B,Business user,Table 2,Select,No authorization,FALSE
2016-08-17 18:43,User B,Business user,Table 2,Select,No authorization,FALSE
2016-08-17 18:58,User B,Business user,Element 1,Select,No authorization,TRUE
2016-08-17 19:12,User A,Analyst,Table 1,Select,No authorization,FALSE
2016-08-17 19:27,User A,Analyst,Table 1,Select,No authorization,FALSE
2016-08-17 19:41,User A,Analyst,Table 1,Select,No authorization,FALSE
2016-08-17 19:55,User A,Analyst,Table 1,Append,No authorization,FALSE
2016-08-17 20:10,User A,Analyst,Table 1,Select,No authorization,FALSE
2016-08-17 20:24,User A,Analyst,Table 1,Select,No authorization,FALSE
2016-08-17 20:39,User A,Analyst,Table 1,Select,No authorization,FALSE
2016-08-17 20:53,User A,Analyst,Table 1,Append,No authorization,FALSE
2016-08-17 21:07,User A,Analyst,Table 1,Select,No authorization,FALSE
2016-08-17 21:22,User B,Business user,Table 2,Select,No authorization,FALSE
2016-08-17 21:36,User B,Business user,Table 2,Select,No authorization,FALSE
2016-08-17 21:51,User B,Business user,Table 2,Select,No authorization,FALSE
2016-08-17 22:05,User C,Administrator,Element 1,Select,No authorization,FALSE
2016-08-17 22:19,User A,Analyst,Table 1,Select,No authorization,FALSE
2016-08-17 22:34,User A,Analyst,Table 1,Select,No authorization,FALSE
2016-08-17 22:48,User A,Analyst,Table 1,Select,No authorization,FALSE
2016-08-17 23:03,User A,Analyst,Table 1,Append,No authorization,FALSE
2016-08-17 23:17,User A,Analyst,Table 1,Select,No authorization,FALSE
2016-08-17 23:31,User A,Analyst,Table 1,Select,No authorization,FALSE
2016-08-17 23:46,User A,Analyst,Table 1,Select,No authorization,FALSE
2016-08-18 0:00,User A,Analyst,Table 1,Append,No authorization,FALSE
2016-08-18 0:15,User A,Analyst,Table 1,Select,No authorization,FALSE
2016-08-18 0:29,User B,Business user,Table 2,Select,No authorization,FALSE
2016-08-18 0:43,User B,Business user,Table 2,Select,No authorization,FALSE
2016-08-18 0:58,User B,Business user,Table 2,Select,No authorization,FALSE
2016-08-18 1:12,User C,Administrator,Element 1,Select,No authorization,FALSE
2016-08-18 1:27,User A,Analyst,Table 1,Select,No authorization,FALSE
2016-08-18 1:41,User A,Analyst,Table 1,Select,No authorization,FALSE
2016-08-18 1:55,User A,Analyst,Table 1,Select,No authorization,FALSE
2016-08-18 2:10,User A,Analyst,Table 1,Append,No authorization,FALSE
2016-08-18 2:24,User A,Analyst,Table 1,Select,No authorization,FALSE
2016-08-18 2:39,User A,Analyst,Table 1,Select,No authorization,FALSE
2016-08-18 2:53,User A,Analyst,Table 1,Select,No authorization,FALSE
2016-08-18 3:07,User A,Analyst,Table 1,Append,No authorization,FALSE
2016-08-18 3:22,User A,Analyst,Table 1,Select,No authorization,FALSE
2016-08-18 3:36,User B,Business user,Table 2,Select,No authorization,FALSE
2016-08-18 3:51,User B,Business user,Table 2,Select,No authorization,FALSE
2016-08-18 4:05,User B,Business user,Table 2,Select,No authorization,FALSE
2016-08-18 4:19,User B,Business user,Element 1,Select,No authorization,TRUE
2016-08-18 4:34,User A,Analyst,Table 1,Select,No authorization,FALSE
2016-08-18 4:48,User A,Analyst,Table 1,Select,No authorization,FALSE
2016-08-18 5:03,User A,Analyst,Table 1,Select,No authorization,FALSE
2016-08-18 5:17,User A,Analyst,Table 1,Append,No authorization,FALSE
2016-08-18 5:31,User A,Analyst,Table 1,Select,No authorization,FALSE
2016-08-18 5:46,User A,Analyst,Table 1,Select,No authorization,FALSE
2016-08-18 6:00,User A,Analyst,Table 1,Select,No authorization,FALSE
2016-08-18 6:15,User A,Analyst,Table 1,Append,No authorization,FALSE
2016-08-18 6:29,User A,Analyst,Table 1,Select,No authorization,FALSE
2016-08-18 6:43,User B,Business user,Table 1,Select,No authorization,TRUE
2016-08-18 6:58,User B,Business user,Table 2,Select,No authorization,FALSE
2016-08-18 7:12,User B,Business user,Table 2,Select,No authorization,FALSE
2016-08-18 7:27,User C,Administrator,Element 1,Select,No authorization,FALSE
2016-08-18 7:41,User C,Administrator,Element 1,Select,No authorization,FALSE
2016-08-18 7:55,User C,Administrator,Element 1,Select,No authorization,FALSE
2016-08-18 8:10,User A,Analyst,Table 1,Select,No authorization,FALSE
2016-08-18 8:24,User A,Analyst,Table 1,Select,No authorization,FALSE
2016-08-18 8:39,User B,Business user,Table 2,Select,No authorization,FALSE
2016-08-18 8:53,User B,Business user,Table 2,Select,No authorization,FALSE
2016-08-18 9:07,User C,Administrator,Element 1,Select,No authorization,FALSE
2016-08-18 9:22,User C,Administrator,Element 1,Select,No authorization,FALSE
2016-08-18 9:36,User C,Administrator,Element 3,Select,No authorization,FALSE
2016-08-18 9:51,User A,Analyst,Table 1,Select,No authorization,FALSE
2016-08-18 10:05,User A,Analyst,Table 1,Select,No authorization,FALSE
2016-08-18 10:19,User B,Business user,Table 1,Select,No authorization,TRUE
2016-08-18 10:34,User B,Business user,Table 1,Select,No authorization,TRUE
2016-08-18 10:48,User B,Business user,Table 1,Select,No authorization,TRUE
2016-08-18 11:03,User B,Business user,Table 2,Select,No authorization,FALSE
2016-08-18 11:17,User B,Business user,Table 2,Select,No authorization,FALSE
2016-08-18 11:31,User C,Administrator,Element 1,Select,No authorization,FALSE
2016-08-18 11:46,User A,Analyst,Element 2,Select,No authorization,TRUE
2016-08-18 12:00,User A,Analyst,Element 2,Select,No authorization,TRUE
2016-08-18 12:15,User A,Analyst,Element 2,Select,No authorization,TRUE
2016-08-18 12:29,User A,Analyst,Element 3,Append,No authorization,TRUE
2016-08-18 12:43,User A,Analyst,Element 1,Select,No authorization,FALSE
2016-08-18 12:58,User B,Business user,Table 2,Select,No authorization,FALSE
2016-08-18 13:12,User B,Business user,Table 2,Select,No authorization,FALSE
2016-08-18 13:27,User B,Business user,Table 2,Select,No authorization,FALSE
2016-08-18 13:41,User C,Administrator,Element 1,Select,No authorization,FALSE
2016-08-18 13:55,User C,Administrator,Element 1,Select,No authorization,FALSE
2016-08-18 14:10,User A,Analyst,Table 1,Select,No authorization,FALSE
2016-08-18 14:24,User A,Analyst,Table 1,Select,No authorization,FALSE
2016-08-18 14:39,User C,Administrator,Element 1,Select,No authorization,FALSE
2016-08-18 14:53,User C,Administrator,Element 1,Select,No authorization,FALSE
2016-08-18 15:07,User A,Analyst,Table 1,Select,No authorization,FALSE
2016-08-18 15:22,User A,Analyst,Table 1,Select,No authorization,FALSE
2016-08-18 15:36,User C,Administrator,Element 2,Select,No authorization,FALSE
2016-08-18 15:51,User C,Administrator,Element 2,Select,No authorization,FALSE
2016-08-18 15:36,User A,Analyst,Table 1,Append,No authorization,FALSE
2016-08-18 15:51,User A,Analyst,Table 1,Select,No authorization,FALSE
2016-08-18 16:05,User B,Business user,Table 2,Select,No authorization,FALSE
2016-08-18 16:19,User B,Business user,Element 1,Select,No authorization,TRUE
2016-08-18 16:34,User B,Business user,Table 2,Select,No authorization,FALSE
2016-08-18 16:48,User B,Business user,Element 1,Select,No authorization,TRUE
2016-08-18 17:03,User A,Analyst,Table 1,Select,No authorization,FALSE
2016-08-18 17:17,User A,Analyst,Table 1,Select,No authorization,FALSE
2016-08-18 17:31,User A,Analyst,Table 1,Select,No authorization,FALSE
2016-08-18 17:46,User A,Analyst,Table 1,Append,No authorization,FALSE
2016-08-18 18:00,User A,Analyst,Table 1,Select,No authorization,FALSE
2016-08-18 18:15,User A,Analyst,Table 1,Select,No authorization,FALSE
2016-08-18 18:29,User A,Analyst,Table 1,Select,No authorization,FALSE
2016-08-18 18:43,User A,Analyst,Table 1,Append,No authorization,FALSE
2016-08-18 18:58,User A,Analyst,Table 1,Select,No authorization,FALSE
2016-08-18 19:12,User B,Business user,Table 2,Select,No authorization,FALSE
2016-08-18 19:27,User B,Business user,Element 1,Select,No authorization,TRUE
2016-08-18 19:41,User B,Business user,Table 2,Select,No authorization,FALSE
2016-08-18 19:55,User B,Business user,Element 1,Select,No authorization,TRUE
2016-08-18 20:10,User A,Analyst,Table 1,Select,No authorization,FALSE
2016-08-18 20:24,User A,Analyst,Table 1,Select,No authorization,FALSE
2016-08-18 20:39,User A,Analyst,Table 1,Select,No authorization,FALSE
2016-08-18 20:53,User A,Analyst,Table 1,Append,No authorization,FALSE
2016-08-18 21:07,User A,Analyst,Table 1,Select,No authorization,FALSE
2016-08-18 21:22,User A,Analyst,Table 1,Select,No authorization,FALSE
2016-08-18 21:36,User A,Analyst,Table 1,Select,No authorization,FALSE
2016-08-18 21:51,User A,Analyst,Table 1,Append,No authorization,FALSE
2016-08-18 22:05,User A,Analyst,Table 1,Select,No authorization,FALSE
2016-08-18 22:19,User B,Business user,Table 2,Select,No authorization,FALSE
2016-08-18 22:34,User B,Business user,Table 2,Select,No authorization,FALSE
2016-08-18 22:48,User B,Business user,Table 2,Select,No authorization,FALSE
2016-08-18 23:03,User B,Business user,Element 1,Select,No authorization,TRUE
2016-08-18 23:17,User A,Analyst,Table 1,Select,No authorization,FALSE
2016-08-18 23:31,User A,Analyst,Table 1,Select,No authorization,FALSE
2016-08-18 23:46,User A,Analyst,Table 1,Select,No authorization,FALSE
2016-08-19 0:00,User A,Analyst,Table 1,Append,No authorization,FALSE
2016-08-19 0:15,User A,Analyst,Table 1,Select,No authorization,FALSE
2016-08-19 0:29,User A,Analyst,Table 1,Select,No authorization,FALSE
2016-08-19 0:43,User A,Analyst,Table 1,Select,No authorization,FALSE
2016-08-19 0:58,User A,Analyst,Table 1,Append,No authorization,FALSE
2016-08-19 1:12,User A,Analyst,Table 1,Select,No authorization,FALSE
2016-08-19 1:27,User B,Business user,Table 2,Select,No authorization,FALSE
2016-08-19 1:41,User B,Business user,Table 2,Select,No authorization,FALSE
2016-08-19 1:55,User B,Business user,Table 2,Select,No authorization,FALSE
2016-08-19 2:10,User C,Administrator,Element 1,Select,No authorization,FALSE
2016-08-19 2:24,User A,Analyst,Table 1,Select,No authorization,FALSE
2016-08-19 2:39,User A,Analyst,Table 1,Select,No authorization,FALSE
2016-08-19 2:53,User A,Analyst,Table 1,Select,No authorization,FALSE
2016-08-19 3:07,User A,Analyst,Table 1,Append,No authorization,FALSE
2016-08-19 3:22,User A,Analyst,Table 1,Select,No authorization,FALSE
2016-08-19 3:36,User A,Analyst,Table 1,Select,No authorization,FALSE
2016-08-19 3:51,User A,Analyst,Table 1,Select,No authorization,FALSE
2016-08-19 4:05,User A,Analyst,Table 1,Append,No authorization,FALSE
2016-08-19 4:19,User A,Analyst,Table 1,Select,No authorization,FALSE
2016-08-19 4:34,User B,Business user,Table 2,Select,No authorization,FALSE
2016-08-19 4:48,User B,Business user,Table 2,Select,No authorization,FALSE
2016-08-19 5:03,User B,Business user,Table 2,Select,No authorization,FALSE
2016-08-19 5:17,User C,Administrator,Element 1,Select,No authorization,FALSE
2016-08-19 5:31,User A,Analyst,Table 1,Select,No authorization,FALSE
2016-08-19 5:46,User A,Analyst,Table 1,Select,No authorization,FALSE
2016-08-19 6:00,User A,Analyst,Table 1,Select,No authorization,FALSE
2016-08-19 6:15,User A,Analyst,Table 1,Append,No authorization,FALSE
2016-08-19 6:29,User A,Analyst,Table 1,Select,No authorization,FALSE
2016-08-19 6:43,User A,Analyst,Table 1,Select,No authorization,FALSE
2016-08-19 6:58,User A,Analyst,Table 1,Select,No authorization,FALSE
2016-08-19 7:12,User A,Analyst,Table 1,Append,No authorization,FALSE
2016-08-19 7:27,User A,Analyst,Table 1,Select,No authorization,FALSE
2016-08-19 7:41,User B,Business user,Table 2,Select,No authorization,FALSE
2016-08-19 7:55,User B,Business user,Table 2,Select,No authorization,FALSE
2016-08-19 8:10,User B,Business user,Table 2,Select,No authorization,FALSE
2016-08-19 8:24,User B,Business user,Element 1,Select,No authorization,TRUE
2016-08-19 8:39,User A,Analyst,Table 1,Select,No authorization,FALSE
2016-08-19 8:53,User A,Analyst,Table 1,Select,No authorization,FALSE
2016-08-19 9:07,User A,Analyst,Table 1,Select,No authorization,FALSE
2016-08-19 9:22,User A,Analyst,Table 1,Append,No authorization,FALSE
2016-08-19 9:36,User A,Analyst,Table 1,Select,No authorization,FALSE
2016-08-19 9:51,User A,Analyst,Table 1,Select,No authorization,FALSE
2016-08-19 10:05,User A,Analyst,Table 1,Select,No authorization,FALSE
2016-08-19 10:19,User A,Analyst,Table 1,Append,No authorization,FALSE
2016-08-19 10:34,User A,Analyst,Table 1,Select,No authorization,FALSE
2016-08-19 10:48,User B,Business user,Table 1,Select,No authorization,TRUE
2016-08-19 11:03,User B,Business user,Table 2,Select,No authorization,FALSE
2016-08-19 11:17,User B,Business user,Table 2,Select,No authorization,FALSE
2016-08-19 11:31,User C,Administrator,Element 1,Select,No authorization,FALSE
2016-08-19 11:46,User C,Administrator,Element 1,Select,No authorization,FALSE
2016-08-19 12:00,User C,Administrator,Element 1,Select,No authorization,FALSE
2016-08-19 12:15,User A,Analyst,Table 1,Select,No authorization,FALSE
2016-08-19 12:29,User A,Analyst,Table 1,Select,No authorization,FALSE
2016-08-19 12:43,User B,Business user,Table 2,Select,No authorization,FALSE
2016-08-19 12:58,User B,Business user,Table 2,Select,No authorization,FALSE
2016-08-19 13:12,User C,Administrator,Element 1,Select,No authorization,FALSE
2016-08-19 13:27,User C,Administrator,Element 1,Select,No authorization,FALSE
2016-08-19 13:41,User C,Administrator,Element 3,Select,No authorization,FALSE
2016-08-19 13:55,User A,Analyst,Table 1,Select,No authorization,FALSE
2016-08-19 14:10,User A,Analyst,Table 1,Select,No authorization,FALSE
2016-08-19 14:24,User B,Business user,Table 1,Select,No authorization,TRUE
2016-08-19 14:39,User B,Business user,Table 1,Select,No authorization,TRUE
2016-08-19 14:53,User B,Business user,Table 1,Select,No authorization,TRUE
2016-08-19 6:15,User B,Business user,Table 2,Select,No authorization,FALSE
2016-08-19 6:29,User B,Business user,Table 2,Select,No authorization,FALSE
2016-08-19 6:43,User B,Business user,Table 2,Select,No authorization,FALSE
2016-08-19 6:58,User C,Administrator,Element 1,Select,No authorization,FALSE
2016-08-19 7:12,User A,Analyst,Element 2,Select,No authorization,TRUE
2016-08-19 7:27,User A,Analyst,Element 2,Select,No authorization,TRUE
2016-08-19 7:41,User A,Analyst,Element 2,Select,No authorization,TRUE
2016-08-19 7:55,User A,Analyst,Element 3,Append,No authorization,TRUE
2016-08-19 8:10,User A,Analyst,Element 1,Select,No authorization,FALSE
2016-08-19 8:24,User B,Business user,Table 2,Select,No authorization,FALSE
2016-08-19 8:39,User B,Business user,Table 2,Select,No authorization,FALSE
2016-08-19 8:53,User B,Business user,Table 2,Select,No authorization,FALSE
2016-08-19 9:07,User C,Administrator,Element 1,Select,No authorization,FALSE
2016-08-19 9:22,User C,Administrator,Element 1,Select,No authorization,FALSE
2016-08-19 9:36,User A,Analyst,Table 1,Select,No authorization,FALSE
2016-08-19 9:51,User A,Analyst,Table 1,Select,No authorization,FALSE
2016-08-19 10:05,User C,Administrator,Element 1,Select,No authorization,FALSE
2016-08-19 10:19,User C,Administrator,Element 1,Select,No authorization,FALSE
2016-08-19 10:34,User A,Analyst,Table 1,Select,No authorization,FALSE
2016-08-19 10:48,User A,Analyst,Table 1,Select,No authorization,FALSE
2016-08-19 11:03,User C,Administrator,Element 2,Select,No authorization,FALSE
2016-08-19 11:17,User C,Administrator,Element 2,Select,No authorization,FALSE
2016-08-19 11:03,User A,Analyst,Table 1,Append,No authorization,FALSE
2016-08-19 11:17,User A,Analyst,Table 1,Select,No authorization,FALSE
2016-08-19 11:31,User B,Business user,Table 2,Select,No authorization,FALSE
2016-08-19 11:46,User B,Business user,Element 1,Select,No authorization,TRUE
2016-08-19 12:00,User B,Business user,Table 2,Select,No authorization,FALSE
2016-08-19 12:15,User B,Business user,Element 1,Select,No authorization,TRUE
2016-08-19 12:29,User A,Analyst,Table 1,Select,No authorization,FALSE
2016-08-19 12:43,User A,Analyst,Table 1,Select,No authorization,FALSE
2016-08-19 12:58,User A,Analyst,Table 1,Select,No authorization,FALSE
2016-08-19 13:12,User A,Analyst,Table 1,Append,No authorization,FALSE
2016-08-19 13:27,User A,Analyst,Table 1,Select,No authorization,FALSE
2016-08-19 13:41,User A,Analyst,Table 1,Select,No authorization,FALSE
2016-08-19 13:55,User A,Analyst,Table 1,Select,No authorization,FALSE
2016-08-19 14:10,User A,Analyst,Table 1,Append,No authorization,FALSE
2016-08-19 14:24,User A,Analyst,Table 1,Select,No authorization,FALSE
2016-08-19 14:39,User B,Business user,Table 2,Select,No authorization,FALSE
2016-08-19 14:53,User B,Business user,Element 1,Select,No authorization,TRUE
2016-08-19 15:07,User B,Business user,Table 2,Select,No authorization,FALSE
2016-08-19 15:22,User B,Business user,Element 1,Select,No authorization,TRUE
2016-08-19 15:36,User A,Analyst,Table 1,Select,No authorization,FALSE
2016-08-19 15:51,User A,Analyst,Table 1,Select,No authorization,FALSE
2016-08-19 16:05,User A,Analyst,Table 1,Select,No authorization,FALSE
2016-08-19 16:19,User A,Analyst,Table 1,Append,No authorization,FALSE
2016-08-19 16:34,User A,Analyst,Table 1,Select,No authorization,FALSE
2016-08-19 16:48,User A,Analyst,Table 1,Select,No authorization,FALSE
2016-08-19 17:03,User A,Analyst,Table 1,Select,No authorization,FALSE
2016-08-19 17:17,User A,Analyst,Table 1,Append,No authorization,FALSE
2016-08-19 17:31,User A,Analyst,Table 1,Select,No authorization,FALSE
2016-08-19 17:46,User B,Business user,Table 2,Select,No authorization,FALSE
2016-08-19 18:00,User B,Business user,Table 2,Select,No authorization,FALSE
2016-08-19 18:15,User B,Business user,Table 2,Select,No authorization,FALSE
2016-08-19 18:29,User B,Business user,Element 1,Select,No authorization,TRUE
2016-08-19 18:43,User A,Analyst,Table 1,Select,No authorization,FALSE
2016-08-19 18:58,User A,Analyst,Table 1,Select,No authorization,FALSE
2016-08-19 19:12,User A,Analyst,Table 1,Select,No authorization,FALSE
2016-08-19 19:27,User A,Analyst,Table 1,Append,No authorization,FALSE
2016-08-19 19:41,User A,Analyst,Table 1,Select,No authorization,FALSE
2016-08-19 19:55,User A,Analyst,Table 1,Select,No authorization,FALSE
2016-08-19 20:10,User A,Analyst,Table 1,Select,No authorization,FALSE
2016-08-19 20:24,User A,Analyst,Table 1,Append,No authorization,FALSE
2016-08-19 20:39,User A,Analyst,Table 1,Select,No authorization,FALSE
2016-08-19 20:53,User B,Business user,Table 2,Select,No authorization,FALSE
2016-08-19 21:07,User B,Business user,Table 2,Select,No authorization,FALSE
2016-08-19 21:22,User B,Business user,Table 2,Select,No authorization,FALSE
2016-08-19 21:36,User C,Administrator,Element 1,Select,No authorization,FALSE
2016-08-19 21:51,User A,Analyst,Table 1,Select,No authorization,FALSE
2016-08-19 22:05,User A,Analyst,Table 1,Select,No authorization,FALSE
2016-08-19 22:19,User A,Analyst,Table 1,Select,No authorization,FALSE
2016-08-19 22:34,User A,Analyst,Table 1,Append,No authorization,FALSE
2016-08-19 22:48,User A,Analyst,Table 1,Select,No authorization,FALSE
2016-08-19 23:03,User A,Analyst,Table 1,Select,No authorization,FALSE
2016-08-19 23:17,User A,Analyst,Table 1,Select,No authorization,FALSE
2016-08-19 23:31,User A,Analyst,Table 1,Append,No authorization,FALSE
2016-08-19 23:46,User A,Analyst,Table 1,Select,No authorization,FALSE
2016-08-20 0:00,User B,Business user,Table 2,Select,No authorization,FALSE
2016-08-20 0:15,User B,Business user,Table 2,Select,No authorization,FALSE
2016-08-20 0:29,User B,Business user,Table 2,Select,No authorization,FALSE
2016-08-20 0:43,User C,Administrator,Element 1,Select,No authorization,FALSE
2016-08-20 0:58,User A,Analyst,Table 1,Select,No authorization,FALSE
2016-08-20 1:12,User A,Analyst,Table 1,Select,No authorization,FALSE
2016-08-20 1:27,User A,Analyst,Table 1,Select,No authorization,FALSE
2016-08-20 1:41,User A,Analyst,Table 1,Append,No authorization,FALSE
2016-08-20 1:55,User A,Analyst,Table 1,Select,No authorization,FALSE
2016-08-20 2:10,User A,Analyst,Table 1,Select,No authorization,FALSE
2016-08-20 2:24,User A,Analyst,Table 1,Select,No authorization,FALSE
2016-08-20 2:39,User A,Analyst,Table 1,Append,No authorization,FALSE
2016-08-20 2:53,User A,Analyst,Table 1,Select,No authorization,FALSE
2016-08-20 3:07,User B,Business user,Table 2,Select,No authorization,FALSE
2016-08-20 3:22,User B,Business user,Table 2,Select,No authorization,FALSE
2016-08-20 3:36,User B,Business user,Table 2,Select,No authorization,FALSE
2016-08-20 3:51,User B,Business user,Element 1,Select,No authorization,TRUE
2016-08-20 4:05,User A,Analyst,Table 1,Select,No authorization,FALSE
2016-08-20 4:19,User A,Analyst,Table 1,Select,No authorization,FALSE
2016-08-20 4:34,User A,Analyst,Table 1,Select,No authorization,FALSE
2016-08-20 4:48,User A,Analyst,Table 1,Append,No authorization,FALSE
2016-08-20 5:03,User A,Analyst,Table 1,Select,No authorization,FALSE
2016-08-20 5:17,User A,Analyst,Table 1,Select,No authorization,FALSE
2016-08-20 5:31,User A,Analyst,Table 1,Select,No authorization,FALSE
2016-08-20 5:46,User A,Analyst,Table 1,Append,No authorization,FALSE
2016-08-20 6:00,User A,Analyst,Table 1,Select,No authorization,FALSE
2016-08-20 6:15,User B,Business user,Table 1,Select,No authorization,TRUE
2016-08-20 6:29,User B,Business user,Table 2,Select,No authorization,FALSE
2016-08-20 6:43,User B,Business user,Table 2,Select,No authorization,FALSE
2016-08-20 6:58,User C,Administrator,Element 1,Select,No authorization,FALSE
2016-08-20 7:12,User C,Administrator,Element 1,Select,No authorization,FALSE
2016-08-20 7:27,User C,Administrator,Element 1,Select,No authorization,FALSE
2016-08-20 7:41,User A,Analyst,Table 1,Select,No authorization,FALSE
2016-08-20 7:55,User A,Analyst,Table 1,Select,No authorization,FALSE
2016-08-20 8:10,User B,Business user,Table 2,Select,No authorization,FALSE
2016-08-20 8:24,User B,Business user,Table 2,Select,No authorization,FALSE
2016-08-20 8:39,User C,Administrator,Element 1,Select,No authorization,FALSE
2016-08-20 8:53,User C,Administrator,Element 1,Select,No authorization,FALSE
2016-08-20 9:07,User C,Administrator,Element 3,Select,No authorization,FALSE
2016-08-20 9:22,User A,Analyst,Table 1,Select,No authorization,FALSE
2016-08-20 9:36,User A,Analyst,Table 1,Select,No authorization,FALSE
2016-08-20 9:51,User B,Business user,Table 1,Select,No authorization,TRUE
2016-08-20 10:05,User B,Business user,Table 1,Select,No authorization,TRUE
2016-08-20 10:19,User B,Business user,Table 1,Select,No authorization,TRUE
2016-08-20 6:15,User B,Business user,Table 2,Select,No authorization,FALSE
2016-08-20 6:29,User B,Business user,Table 2,Select,No authorization,FALSE
2016-08-20 6:43,User B,Business user,Table 2,Select,No authorization,FALSE
2016-08-20 6:58,User C,Administrator,Element 1,Select,No authorization,FALSE
2016-08-20 7:12,User A,Analyst,Element 2,Select,No authorization,TRUE
2016-08-20 7:27,User A,Analyst,Element 2,Select,No authorization,TRUE
2016-08-20 7:41,User A,Analyst,Element 2,Select,No authorization,TRUE
2016-08-20 7:55,User A,Analyst,Element 3,Append,No authorization,TRUE
2016-08-20 8:10,User A,Analyst,Element 1,Select,No authorization,FALSE
2016-08-20 8:24,User B,Business user,Table 2,Select,No authorization,FALSE
2016-08-20 8:39,User B,Business user,Table 2,Select,No authorization,FALSE
2016-08-20 8:53,User B,Business user,Table 2,Select,No authorization,FALSE
2016-08-20 9:07,User C,Administrator,Element 1,Select,No authorization,FALSE
2016-08-20 9:22,User C,Administrator,Element 1,Select,No authorization,FALSE
2016-08-20 9:36,User A,Analyst,Table 1,Select,No authorization,FALSE
2016-08-20 9:51,User A,Analyst,Table 1,Select,No authorization,FALSE
2016-08-20 10:05,User C,Administrator,Element 1,Select,No authorization,FALSE
2016-08-20 10:19,User C,Administrator,Element 1,Select,No authorization,FALSE
2016-08-20 10:34,User A,Analyst,Table 1,Select,No authorization,FALSE
2016-08-20 10:48,User A,Analyst,Table 1,Select,No authorization,FALSE
2016-08-20 11:03,User C,Administrator,Element 2,Select,No authorization,FALSE
2016-08-20 11:17,User C,Administrator,Element 2,Select,No authorization,FALSE
2016-08-20 11:03,User A,Analyst,Table 1,Append,No authorization,FALSE
2016-08-20 11:17,User A,Analyst,Table 1,Select,No authorization,FALSE
2016-08-20 11:31,User B,Business user,Table 2,Select,No authorization,FALSE
2016-08-20 11:46,User B,Business user,Element 1,Select,No authorization,TRUE
2016-08-20 12:00,User B,Business user,Table 2,Select,No authorization,FALSE
2016-08-20 12:15,User B,Business user,Element 1,Select,No authorization,TRUE
2016-08-20 12:29,User A,Analyst,Table 1,Select,No authorization,FALSE
2016-08-20 12:43,User A,Analyst,Table 1,Select,No authorization,FALSE
2016-08-20 12:58,User A,Analyst,Table 1,Select,No authorization,FALSE
2016-08-20 13:12,User A,Analyst,Table 1,Append,No authorization,FALSE
2016-08-20 13:27,User A,Analyst,Table 1,Select,No authorization,FALSE
2016-08-20 13:41,User A,Analyst,Table 1,Select,No authorization,FALSE
2016-08-20 13:55,User A,Analyst,Table 1,Select,No authorization,FALSE
2016-08-20 14:10,User A,Analyst,Table 1,Append,No authorization,FALSE
2016-08-20 14:24,User A,Analyst,Table 1,Select,No authorization,FALSE
2016-08-20 14:39,User B,Business user,Table 2,Select,No authorization,FALSE
2016-08-20 14:53,User B,Business user,Element 1,Select,No authorization,TRUE
2016-08-20 15:07,User B,Business user,Table 2,Select,No authorization,FALSE
2016-08-20 15:22,User B,Business user,Element 1,Select,No authorization,TRUE
2016-08-20 15:36,User A,Analyst,Table 1,Select,No authorization,FALSE
2016-08-20 15:51,User A,Analyst,Table 1,Select,No authorization,FALSE
2016-08-20 16:05,User A,Analyst,Table 1,Select,No authorization,FALSE
2016-08-20 16:19,User A,Analyst,Table 1,Append,No authorization,FALSE
2016-08-20 16:34,User A,Analyst,Table 1,Select,No authorization,FALSE
2016-08-20 16:48,User A,Analyst,Table 1,Select,No authorization,FALSE
2016-08-20 17:03,User A,Analyst,Table 1,Select,No authorization,FALSE
2016-08-20 17:17,User A,Analyst,Table 1,Append,No authorization,FALSE
2016-08-20 17:31,User A,Analyst,Table 1,Select,No authorization,FALSE
2016-08-20 17:46,User B,Business user,Table 2,Select,No authorization,FALSE
2016-08-20 18:00,User B,Business user,Table 2,Select,No authorization,FALSE
2016-08-20 18:15,User B,Business user,Table 2,Select,No authorization,FALSE
2016-08-20 18:29,User B,Business user,Element 1,Select,No authorization,TRUE
2016-08-20 18:43,User A,Analyst,Table 1,Select,No authorization,FALSE
2016-08-20 18:58,User A,Analyst,Table 1,Select,No authorization,FALSE
2016-08-20 19:12,User A,Analyst,Table 1,Select,No authorization,FALSE
2016-08-20 19:27,User A,Analyst,Table 1,Append,No authorization,FALSE
2016-08-20 19:41,User A,Analyst,Table 1,Select,No authorization,FALSE
2016-08-20 19:55,User A,Analyst,Table 1,Select,No authorization,FALSE
2016-08-20 20:10,User A,Analyst,Table 1,Select,No authorization,FALSE
2016-08-20 20:24,User A,Analyst,Table 1,Append,No authorization,FALSE
2016-08-20 20:39,User A,Analyst,Table 1,Select,No authorization,FALSE
2016-08-20 20:53,User B,Business user,Table 2,Select,No authorization,FALSE
2016-08-20 21:07,User B,Business user,Table 2,Select,No authorization,FALSE
2016-08-20 21:22,User B,Business user,Table 2,Select,No authorization,FALSE
2016-08-20 21:36,User C,Administrator,Element 1,Select,No authorization,FALSE
2016-08-20 21:51,User A,Analyst,Table 1,Select,No authorization,FALSE
2016-08-20 22:05,User A,Analyst,Table 1,Select,No authorization,FALSE
2016-08-20 22:19,User A,Analyst,Table 1,Select,No authorization,FALSE
2016-08-20 22:34,User A,Analyst,Table 1,Append,No authorization,FALSE
2016-08-20 22:48,User A,Analyst,Table 1,Select,No authorization,FALSE
2016-08-20 23:03,User A,Analyst,Table 1,Select,No authorization,FALSE
2016-08-20 23:17,User A,Analyst,Table 1,Select,No authorization,FALSE
2016-08-20 23:31,User A,Analyst,Table 1,Append,No authorization,FALSE
2016-08-20 23:46,User A,Analyst,Table 1,Select,No authorization,FALSE
2016-08-21 0:00,User B,Business user,Table 2,Select,No authorization,FALSE
2016-08-21 0:15,User B,Business user,Table 2,Select,No authorization,FALSE
2016-08-21 0:29,User B,Business user,Table 2,Select,No authorization,FALSE
2016-08-21 0:43,User C,Administrator,Element 1,Select,No authorization,FALSE
2016-08-21 0:58,User A,Analyst,Table 1,Select,No authorization,FALSE
2016-08-21 1:12,User A,Analyst,Table 1,Select,No authorization,FALSE
2016-08-21 1:27,User A,Analyst,Table 1,Select,No authorization,FALSE
2016-08-21 1:41,User A,Analyst,Table 1,Append,No authorization,FALSE
2016-08-21 1:55,User A,Analyst,Table 1,Select,No authorization,FALSE
2016-08-21 2:10,User A,Analyst,Table 1,Select,No authorization,FALSE
2016-08-21 2:24,User A,Analyst,Table 1,Select,No authorization,FALSE
2016-08-21 2:39,User A,Analyst,Table 1,Append,No authorization,FALSE
2016-08-21 2:53,User A,Analyst,Table 1,Select,No authorization,FALSE
2016-08-21 3:07,User B,Business user,Table 2,Select,No authorization,FALSE
2016-08-21 3:22,User B,Business user,Table 2,Select,No authorization,FALSE
2016-08-21 3:36,User B,Business user,Table 2,Select,No authorization,FALSE
2016-08-21 3:51,User B,Business user,Element 1,Select,No authorization,TRUE
2016-08-21 4:05,User A,Analyst,Table 1,Select,No authorization,FALSE
2016-08-21 4:19,User A,Analyst,Table 1,Select,No authorization,FALSE
2016-08-21 4:34,User A,Analyst,Table 1,Select,No authorization,FALSE
2016-08-21 4:48,User A,Analyst,Table 1,Append,No authorization,FALSE
2016-08-21 5:03,User A,Analyst,Table 1,Select,No authorization,FALSE
2016-08-21 5:17,User A,Analyst,Table 1,Select,No authorization,FALSE
2016-08-21 5:31,User A,Analyst,Table 1,Select,No authorization,FALSE
2016-08-21 5:46,User A,Analyst,Table 1,Append,No authorization,FALSE
2016-08-21 6:00,User A,Analyst,Table 1,Select,No authorization,FALSE
2016-08-21 6:15,User B,Business user,Table 1,Select,No authorization,TRUE
2016-08-21 6:29,User B,Business user,Table 2,Select,No authorization,FALSE
2016-08-21 6:43,User B,Business user,Table 2,Select,No authorization,FALSE
2016-08-21 6:58,User C,Administrator,Element 1,Select,No authorization,FALSE
2016-08-21 7:12,User C,Administrator,Element 1,Select,No authorization,FALSE
2016-08-21 7:27,User C,Administrator,Element 1,Select,No authorization,FALSE
2016-08-21 7:41,User A,Analyst,Table 1,Select,No authorization,FALSE
2016-08-21 7:55,User A,Analyst,Table 1,Select,No authorization,FALSE
2016-08-21 8:10,User B,Business user,Table 2,Select,No authorization,FALSE
2016-08-21 8:24,User B,Business user,Table 2,Select,No authorization,FALSE
2016-08-21 8:39,User C,Administrator,Element 1,Select,No authorization,FALSE
2016-08-21 8:53,User C,Administrator,Element 1,Select,No authorization,FALSE
2016-08-21 9:07,User C,Administrator,Element 3,Select,No authorization,FALSE
2016-08-21 9:22,User A,Analyst,Table 1,Select,No authorization,FALSE
2016-08-21 9:36,User A,Analyst,Table 1,Select,No authorization,FALSE
2016-08-21 9:51,User B,Business user,Table 1,Select,No authorization,TRUE
2016-08-21 10:05,User B,Business user,Table 1,Select,No authorization,TRUE
2016-08-21 10:19,User B,Business user,Table 1,Select,No authorization,TRUE
